Date,Time,PST,PDT,Button,Order Occ,Trawl,Notes,MX512-Time,MX512-Lat,MX512-Lon,MX512-COG,MX512-SOG,AirTemp2,RelHum1,Baro-Cal-AtSeaLevel-VALUE,TrueWind-SPEED,TrueWind-DIRECTION,RelWindbird-Spd,RelWindbird-Dir,Fluoro,TSG-SBE21-Temp,TSG-SBE45-Temp,TSG-SBE38-Temp2 for 21,TSG-SBE38-Temp2 for 45,TSG-SBE21-Cond,TSG-SBE45-Cond,TSG-SBE21-Sal,TSG-SBE45-Sal,Valeport-UVSVP-Temp,Valeport-UVSVP-SVel
7/30/2019,22:32:07,14:32:07,15:32:07,CB Interm,,,,223206,3748.7064N,12246.7833W,301,3.1,13.4,97,1015.34,8.32,266,11,339,0.698,12.48808,12.6391,12.34681,12.3423,3.8889871,3.90506,33.47937,33.4988,,
7/31/2019,6:52:58,22:52:58,23:52:58,Start Marine Mammal Watch,93,85,,65257,3843.4362N,12351.8746W,323,8.4,13.3,97,1013.08,20.51,326.39,29,359,1.095,11.8418,11.953,11.59974,11.599,3.8455859,3.85628,33.64011,33.6437,,
7/31/2019,7:27:13,23:27:13,0:27:13,Arrive Station,93,85,,72712,3846.8776N,12354.9871W,323,4.8,13.2,97,1013.3,23.32,337.09,27,7,1.547,11.67203,11.797,11.4471,11.449,3.8345495,3.84869,33.68625,33.7109,,
7/31/2019,7:28:16,23:28:16,0:28:16,Net In Water,93,85,,72816,3846.9215N,12355.0344W,322,2.7,13.2,97,1013.4,18.98,334.06,22,7,1.654,11.71111,11.8471,11.49012,11.489,3.8391596,3.8534,33.69585,33.7115,,
7/31/2019,7:48:17,23:48:17,0:48:17,Shoot Doors,93,85,,74817,3847.5567N,12355.7871W,325,4,13.2,98,1013.23,23.02,331.22,27,1,0.859,11.38567,11.4877,11.13699,11.1374,3.7987634,3.80923,33.59524,33.6054,,
7/31/2019,8:03:27,0:03:27,1:03:27,Haul Back,93,85,INCODER ALARM DOORS COULD NOT SHOOT,80326,3848.3955N,12356.6025W,305,0.9,13.3,98,1013.59,21.19,334.68,22,357,0.724,11.52901,11.6269,11.26935,11.2735,3.8085147,3.81941,33.56088,33.5774,,
7/31/2019,8:03:58,0:03:58,1:03:58,Doors Up,93,85,INCODER ALARM,80357,3848.4022N,12356.6138W,302,1.3,13.3,98,1013.41,19.78,331.39,22,5,0.716,11.52657,11.6367,11.28136,11.2823,3.8085147,3.82016,33.56309,33.5762,,
7/31/2019,8:58:32,0:58:32,1:58:32,Net on Deck,93,85,INCODER ALARM,85831,3849.6351N,12357.9600W,354,2.8,13.3,99,1013.26,22.51,342,25,345,0.788,11.6632,11.7692,11.4171,11.4169,3.8192287,3.83205,33.5443,33.5752,,
7/31/2019,9:00:10,1:00:10,2:00:10,Start Marine Mammal Watch,93,85,,90010,3849.7066N,12357.9764W,335,1.7,13.3,99,1013.44,19.34,348.59,21,358,0.787,11.67363,11.7677,11.4177,11.418,3.8203005,3.83206,33.54535,33.5724,,
7/31/2019,9:02:17,1:02:17,2:02:17,Depart Station,93,85,,90216,3849.7846N,12357.9954W,349,2.8,13.2,99,1013.58,19.24,338.35,22,348,0.79,11.68156,11.7926,11.44502,11.4451,3.8222294,3.83416,33.55704,33.5731,,
7/31/2019,9:03:38,1:03:38,2:03:38,End Marine Mammal Watch,93,85,,90337,3849.8409N,12358.0117W,348,1.4,13.3,99,1013.94,19.02,337.16,21,351,0.793,11.70152,11.8033,11.44765,11.4482,3.8237283,3.83507,33.55364,33.579,,
7/31/2019,11:42:53,3:42:53,4:42:53,Net In Water,,,test trawl with cod end open,114252,3855.8100N,12358.2859W,18,1.9,12.9,101,1013.97,21.69,329.87,23,342,0.993,11.16327,11.2699,10.91105,10.9109,3.7865505,3.79718,33.67764,33.6853,,
7/31/2019,12:47:05,4:47:05,5:47:05,Net on Deck,,,test trawl with cod end open,124704,3857.5730N,12401.3446W,242,2,13,102,1014.28,18.89,337.25,20,27,1.816,11.33032,11.4385,11.06953,11.0686,3.8076591,3.81775,33.73348,33.734,,
7/31/2019,14:26:46,6:26:46,7:26:46,Start Transect,,,49,142645,3900.0995N,12343.7990W,139,5.8,11.9,98,1015.03,0.7,317.57,4,4,1.014,10.75258,10.8755,10.56561,10.5696,3.7646951,3.77444,33.8382,33.8219,,
7/31/2019,15:07:43,7:07:43,8:07:43,UCTD Deployed,,,,150742,3856.6982N,12351.1183W,236,8.3,12.7,98,1015.37,10.63,340.4,12,64,1.391,11.36562,11.4601,11.04322,11.0367,3.8170854,3.82653,33.79418,33.8008,,
7/31/2019,16:49:23,8:49:23,9:49:23,UCTD Deployed,,,,164923,3848.1190N,12410.1561W,239,8.5,14.6,99,1015.72,17.92,327.74,20,65,0.549,12.94365,13.0601,12.69788,12.6977,3.9377485,3.94769,33.53981,33.5309,,
7/31/2019,17:29:52,9:29:52,10:29:52,Break Transect,,,49,172951,3844.7590N,12417.6348W,240,10,15,98,1016.17,17.23,329.5,19,55,0.556,12.97025,13.0514,12.70235,12.6986,3.9396784,3.94744,33.53455,33.5363,,
7/31/2019,17:34:38,9:34:38,10:34:38,Net In Water,,,test trawl with cod end open,173438,3844.8244N,12418.0520W,314,2.2,14.6,98,1016.25,15.89,331.62,20,16,0.59,12.94678,13.038,12.69611,12.6917,3.9388206,3.94654,33.54721,33.5396,,
7/31/2019,17:52:38,9:52:38,10:52:38,Shoot Doors,,,test trawl with cod end open,175237,3845.4355N,12418.9772W,310,4.9,14.7,99,1016.18,17.46,334.88,22,17,0.727,12.7869,12.8726,12.51308,12.5117,3.9236015,3.93156,33.54438,33.544,,
7/31/2019,17:57:41,9:57:41,10:57:41,Begin Fishing (EQ),,,test trawl with cod end open,175740,3845.6974N,12419.3508W,315,4,14.6,100,1016.4,17.13,336.63,21,16,0.688,12.74607,12.8566,12.51796,12.5183,3.9217785,3.92943,33.56332,33.538,,
7/31/2019,19:11:51,11:11:51,12:11:51,Resume Transect,,,49,191150,3844.7215N,12417.6340W,238,7.2,15.2,97,1016.67,16.45,317.66,19,50,0.547,13.11248,13.2391,12.89716,12.8954,3.9553261,3.96425,33.55687,33.5293,,
7/31/2019,19:46:37,11:46:37,12:46:37,End Transect,,,49,194637,3841.8249N,12424.1116W,236,9.6,15.3,98,1016.61,17.91,326.05,22,55,0.835,12.13481,12.0828,11.65828,11.6552,3.8548025,3.85167,33.46575,33.4821,,
7/31/2019,23:08:09,15:08:09,16:08:09,Start Transect,,,47,230809,3824.8878N,12409.0993W,68,9.6,14.3,100,1016.36,10.97,256.12,2,236,0.84,12.45736,12.5609,12.21778,12.2223,3.9064534,3.91583,33.67458,33.6718,,
8/1/2019,1:47:04,17:47:04,18:47:04,UCTD Deployed,,,bad data,14704,3837.9599N,12340.0071W,56,8,13.7,100,1014.02,4.96,272.74,5,328,0.735,11.22514,11.3169,10.92914,10.9237,3.8004799,3.8093,33.75886,33.762,,
8/1/2019,2:48:30,18:48:30,19:48:30,Break Transect,,,47,24829,3842.8223N,12329.2650W,59,5.9,13.8,96,1013.55,1.79,119.98,7,15,0.457,10.43045,10.5045,10.15952,10.1578,3.7298799,3.73735,33.78724,33.7938,,
8/1/2019,3:48:42,19:48:42,20:48:42,Start Marine Mammal Watch,94,86,,34842,3837.6365N,12338.6797W,244,10.4,13.4,100,1013.53,19.54,314.6,24,47,0.586,10.8779,11.0088,10.6205,10.6186,3.7708031,3.7828,33.7834,33.7823,,
8/1/2019,4:14:21,20:14:21,21:14:21,Arrive Station,94,86,,41420,3836.9274N,12340.3180W,82,1,13.5,101,1014.19,22.71,306.18,22,319,0.652,11.07151,11.2093,10.82249,10.8224,3.7868736,3.80079,33.76504,33.7765,,
8/1/2019,4:23:56,20:23:56,21:23:56,Net In Water,94,86,,42356,3836.7209N,12340.1790W,166,4,13.4,101,1014.28,22.27,313.83,19,146,0.622,10.98525,11.1142,10.71564,10.715,3.7788381,3.79224,33.76452,33.779,,
8/1/2019,4:40:55,20:40:55,21:40:55,Shoot Doors,94,86,,44055,3835.7403N,12339.7503W,157,5.1,13.3,101,1014.35,22.75,318.23,18,156,0.851,11.13109,11.2926,10.92533,10.9262,3.7914792,3.8054,33.75601,33.7457,,
8/1/2019,4:50:11,20:50:11,21:50:11,Begin Fishing (EQ),94,86,,45010,3835.0504N,12339.4115W,160,4.3,13.3,101,1014.43,22.99,316.4,19,157,0.816,11.39929,11.5482,11.16658,11.1697,3.8116207,3.82388,33.7095,33.6943,,
8/1/2019,5:35:13,21:35:13,22:35:13,Haul Back,94,86,,53512,3832.0152N,12337.4606W,154,4.6,13.5,101,1014.55,23.35,315.8,19,154,0.926,12.12058,12.2415,11.86939,11.8695,3.8710906,3.88223,33.63621,33.6351,,
8/1/2019,5:42:39,21:42:39,22:42:39,Doors Up,94,86,,54238,3831.6384N,12337.1955W,149,3.3,13.5,101,1014.34,23.15,313.83,20,160,0.928,12.12928,12.241,11.86674,11.8668,3.8716262,3.88223,33.63355,33.6355,,
8/1/2019,6:12:14,22:12:14,23:12:14,Net on Deck,94,86,,61214,3829.9961N,12336.4848W,171,4.1,13.4,102,1014.47,21.4,320.28,18,146,0.926,12.13881,12.2675,11.88481,11.8855,3.8744108,3.88529,33.65193,33.6413,,
8/1/2019,6:12:15,22:12:15,23:12:15,End Marine Mammal Watch,94,86,,61215,3829.9951N,12336.4845W,170,4.2,13.4,102,1014.47,21.35,316.5,18,142,0.922,12.13881,12.2682,11.88481,11.8852,3.8744108,3.8853,33.65193,33.6408,,
8/1/2019,6:18:03,22:18:03,23:18:03,Depart Station,94,86,,61802,3830.0221N,12336.0946W,41,7,13.3,102,1014.22,5.9,236.92,4,288,0.926,12.1174,12.238,11.8672,11.8704,3.8721617,3.88299,33.64944,33.6456,,
8/1/2019,6:32:03,22:32:03,23:32:03,Start Marine Mammal Watch,95,87,,63202,3831.7767N,12334.5948W,33,9.6,12.8,102,1014.25,11.11,263.87,9,294,0.621,11.36003,11.337,10.88978,10.9013,3.8051914,3.80804,33.68198,33.7311,,
8/1/2019,7:02:25,23:02:25,0:02:25,Arrive Station,95,87,,70224,3835.0242N,12331.3693W,147,5.9,12.5,103,1013.99,28.59,310.4,23,163,0.45,10.7485,10.8773,10.49561,10.4948,3.7610527,3.7716,33.80552,33.7919,,
8/1/2019,7:02:28,23:02:28,0:02:28,Net In Water,95,87,,70228,3835.0186N,12331.3646W,148,6,12.6,103,1014,28.81,314.97,23,172,0.45,10.7485,10.8797,10.49561,10.4937,3.7610527,3.77172,33.80552,33.7908,,
8/1/2019,7:20:17,23:20:17,0:20:17,Shoot Doors,95,87,,72016,3833.9962N,12330.5030W,143,4.2,12.4,104,1014.19,25.17,316.75,21,173,0.445,10.73882,10.864,10.48853,10.4887,3.7594457,3.76981,33.79838,33.7863,,
8/1/2019,7:24:12,23:24:12,0:24:12,Begin Fishing (EQ),95,87,,72412,3833.7390N,12330.2732W,145,4.3,12.4,104,1014.05,29.27,318.51,24,181,0.445,10.793,10.9519,10.60346,10.6065,3.7650174,3.77698,33.80402,33.7767,,
8/1/2019,8:09:14,0:09:14,1:09:14,Haul Back,95,87,,80913,3831.2954N,12328.0649W,144,4,12.3,105,1014.34,23.87,318.89,20,183,0.442,11.16166,11.2666,10.88584,10.8859,3.7972653,3.80666,33.7853,33.782,,
8/1/2019,8:47:26,0:47:26,1:47:26,Net on Deck,95,87,,84726,3829.7145N,12326.8581W,149,3,12.3,105,1014.44,18.91,316.01,16,175,0.436,11.04006,11.1671,10.78844,10.7885,3.786122,3.79695,33.78651,33.7771,,
8/1/2019,8:48:56,0:48:56,1:48:56,End Marine Mammal Watch,95,87,,84855,3829.6463N,12326.8074W,154,3.4,12.3,105,1014.46,17.05,315.34,16,169,0.437,11.0272,11.1395,10.75788,10.7613,3.7846226,3.79471,33.78344,33.7803,,
8/1/2019,8:52:46,0:52:46,1:52:46,Start Marine Mammal Watch,96,88,,85246,3829.4639N,12326.6714W,151,3.4,12.3,105,1014.5,17.36,323.35,14,175,0.436,10.97478,11.077,10.68201,10.6772,3.779375,3.78863,33.77951,33.7775,,
8/1/2019,8:59:45,0:59:45,1:59:45,Depart Station,95,87,,85944,3829.1404N,12326.4252W,148,3.2,12.3,104,1014.61,18.17,321.99,15,172,0.437,10.83183,10.9646,10.58368,10.5838,3.7663032,3.7778,33.78099,33.7732,,
8/1/2019,9:29:25,1:29:25,2:29:25,Arrive Station,96,88,,92924,3827.6074N,12328.8261W,210,4.9,12.4,105,1014.62,12.65,319.76,12,118,0.439,10.73558,10.8633,10.47782,10.4768,3.758056,3.77004,33.78747,33.7893,,
8/1/2019,9:31:18,1:31:18,2:31:18,Net In Water,96,88,,93117,3827.5131N,12328.7762W,143,3.4,12.7,105,1014.7,19.39,318.13,15,184,0.438,10.73071,10.8517,10.4524,10.4521,3.7575205,3.76829,33.78661,33.7825,,
8/1/2019,10:39:00,2:39:00,3:39:00,Shoot Doors,96,88,,103900,3825.6553N,12326.7810W,140,4.2,12.6,101,1015.14,13.19,322.39,9,182,0.444,10.94412,11.0752,10.69685,10.6981,3.7747652,3.78648,33.76185,33.7577,,
8/1/2019,10:42:37,2:42:37,3:42:37,Begin Fishing (EQ),96,88,,104236,3825.4333N,12326.5551W,141,4.6,12.6,100,1015.17,15.5,331.17,11,194,0.443,11.01589,11.1476,10.77464,10.7754,3.7823722,3.7931,33.77147,33.7569,,
8/1/2019,11:27:38,3:27:38,4:27:38,Haul Back,96,88,,112737,3823.2681N,12324.2555W,141,3.7,12.7,97,1015.19,12.66,327.09,9,191,0.493,11.73022,11.8354,11.4554,11.4545,3.8273727,3.85456,33.5633,33.7334,,
8/1/2019,11:48:08,3:48:08,4:48:08,Doors Up,96,88,DOORS UP PRESSED LATE,114807,3822.6832N,12323.4724W,133,2.4,13.2,88,1015.22,13.26,330.78,11,188,0.514,11.87121,11.9681,11.60444,11.6041,3.8589805,3.8675,33.74402,33.7391,,
8/1/2019,12:06:26,4:06:26,5:06:26,Net on Deck,96,88,,120625,3822.2136N,12322.7164W,112,2.4,15,89,1015.28,13,329.49,11,225,0.573,11.97618,12.0587,11.69626,11.6954,3.8687325,3.87612,33.74378,33.7408,,
8/1/2019,12:06:27,4:06:27,5:06:27,End Marine Mammal Watch,96,88,,120626,3822.2133N,12322.7155W,112,2.6,15,88,1015.28,11.88,326.82,9,229,0.573,11.97618,12.0594,11.69626,11.6952,3.8687325,3.87608,33.74378,33.7399,,
8/1/2019,12:12:41,4:12:41,5:12:41,Depart Station,96,88,,121240,3822.1895N,12322.2416W,59,7,12.1,94,1015.35,9.83,299.77,9,292,0.601,11.89984,11.9772,11.62243,11.6226,3.8614458,3.86869,33.74206,33.7425,,
8/1/2019,13:29:46,5:29:46,6:29:46,Start Transect,,,45,132945,3827.7109N,12311.2521W,260,3.8,11.4,104,1016.08,2.81,81.85,1,1,0.469,11.69193,11.7534,11.44691,11.4347,3.8421564,3.84817,33.74262,33.7455,,
8/1/2019,14:56:58,6:56:58,7:56:58,UCTD Deployed,,,,145658,3820.5722N,12326.9963W,241,8.1,11.7,105,1016.74,10.82,326.63,14,53,0.62,11.59937,11.6906,11.33443,11.3338,3.8329427,3.84163,33.73662,33.7387,,
8/1/2019,16:37:41,8:37:41,9:37:41,UCTD Deployed,,,,163740,3812.2662N,12345.3672W,237,8,14.3,105,1017.74,14.23,294.11,20,35,0.498,13.16553,13.2399,12.90528,12.9094,3.9541482,3.95634,33.49884,33.4539,,
8/1/2019,17:12:42,9:12:42,10:12:42,End Transect,,,45,171242,3809.4354N,12351.5896W,240,10.1,15.4,102,1018.02,18.31,306.43,24,41,0.535,13.69082,13.8144,13.50758,13.5083,4.0020603,4.01248,33.48709,33.4762,,
8/1/2019,19:16:15,11:16:15,12:16:15,Resume Transect,,,47,191614,3825.0113N,12408.8370W,251,8.5,14.1,104,1019.51,10.16,299.95,17,33,0.535,12.23536,12.3637,12.02776,12.0317,3.8818078,3.89301,33.63654,33.6293,,
8/2/2019,3:36:03,19:36:03,20:36:03,End Transect,,,47,33602,3743.6623N,12539.7767W,242,10,18.1,104,1019.36,7.83,277.45,17,18,0.508,16.93968,16.8721,16.48224,16.468,4.255236,4.25158,33.01017,33.034,,
8/2/2019,6:17:28,22:17:28,23:17:28,Start Marine Mammal Watch,97,89,,61727,3756.7319N,12508.1621W,62,11.1,15.9,105,1019.57,8.64,274.45,6,314,0.552,14.54429,14.6236,14.42084,14.4484,4.0714225,4.07887,33.38723,33.3871,,
8/2/2019,6:46:26,22:46:26,23:46:26,Arrive Station,97,89,,64625,3758.6753N,12504.4046W,56,2.9,16,105,1019.63,4.54,317.14,4,294,0.519,16.02227,16.0667,15.77751,15.8099,4.2011774,4.20733,33.29833,33.3155,,
8/2/2019,6:56:47,22:56:47,23:56:47,Net In Water,97,89,,65646,3758.6687N,12503.8534W,89,3.9,15.9,105,1019.62,6.57,321.25,5,264,0.503,16.35403,16.4319,16.10951,16.1094,4.2246662,4.23089,33.22791,33.2177,,
8/2/2019,7:09:48,23:09:48,0:09:48,Shoot Doors,97,89,,70947,3758.6134N,12502.9546W,100,4.1,16.1,105,1019.54,7.31,316.03,5,273,0.498,16.35844,16.4343,16.09903,16.0992,4.2240247,4.23057,33.21859,33.2129,,
8/2/2019,7:16:53,23:16:53,0:16:53,Begin Fishing (EQ),97,89,,71652,3758.5832N,12502.3285W,93,3.8,16,105,1019.59,7.38,310.54,5,254,0.501,16.33691,16.4076,16.06662,16.0658,4.2210201,4.22824,33.21013,33.2147,,
8/2/2019,8:01:55,0:01:55,1:01:55,Haul Back,97,89,,80154,3758.4996N,12458.9608W,95,3.4,16.5,105,1019.54,10.71,343.91,10,271,0.496,16.38377,16.4552,16.11951,16.1195,4.2258462,4.23302,33.21349,33.217,,
8/2/2019,8:07:04,0:07:04,1:07:04,Doors Up,97,89,,80703,3758.4947N,12458.6919W,92,2.7,16.5,105,1019.5,8.78,336.56,8,264,0.492,16.37853,16.4547,16.12348,16.1237,4.2256324,4.23269,33.21597,33.2145,,
8/2/2019,8:35:01,0:35:01,1:35:01,Net on Deck,97,89,,83500,3758.6474N,12457.6136W,55,2.3,16.2,105,1019.32,8.45,304.11,7,256,0.495,16.34729,16.4278,16.0929,16.0927,4.2219859,4.22915,33.20997,33.2058,,
8/2/2019,8:35:02,0:35:02,1:35:02,End Marine Mammal Watch,97,89,,83501,3758.6478N,12457.6131W,53,2.2,16.2,105,1019.32,7.28,306.92,7,273,0.495,16.34729,16.4285,16.0929,16.0928,4.2219859,4.22921,33.20997,33.2058,,
8/2/2019,8:41:45,0:41:45,1:41:45,Depart Station,97,89,,84144,3758.8308N,12457.2947W,57,4.3,16.3,105,1019.22,9.67,304.09,8,279,0.493,16.33167,16.4135,16.07909,16.0786,4.2197338,4.22771,33.2032,33.2052,,
8/2/2019,9:46:07,1:46:07,2:46:07,Start Marine Mammal Watch,98,90,,94606,3800.7357N,12443.7879W,83,11.1,15.8,106,1019.17,8.94,295.64,6,308,0.488,16.19543,16.2766,15.93799,15.9385,4.208257,4.21669,33.21584,33.2224,,
8/2/2019,10:15:25,2:15:25,3:15:25,Arrive Station,98,90,,101524,3801.7356N,12437.0849W,76,10.8,16.1,106,1019.06,10.8,256,0,327,0.5,16.29671,16.3824,16.05655,16.0589,4.2122259,4.22046,33.16631,33.1673,,
8/2/2019,10:20:14,2:20:14,3:20:14,Net In Water,98,90,,102013,3801.7947N,12436.3273W,92,5.2,18.4,106,1019.04,8.16,294.78,5,227,0.502,16.35844,16.4341,16.09062,16.0907,4.2165132,4.22346,33.15261,33.1507,,
8/2/2019,10:33:05,2:33:05,3:33:05,Shoot Doors,98,90,,103304,3801.7584N,12435.2937W,94,4.6,16.5,106,1018.91,8.58,315.84,6,257,0.497,16.33316,16.4109,16.0683,16.0685,4.2121191,4.22054,33.13503,33.1443,,
8/2/2019,10:36:35,2:36:35,3:36:35,Begin Fishing (EQ),98,90,,103635,3801.7427N,12434.9019W,97,4.8,16.4,106,1018.91,8.18,296.63,4,277,0.495,16.33614,16.4336,16.12257,16.1241,4.2151208,4.22659,33.15893,33.1785,,
8/2/2019,11:21:37,3:21:37,4:21:37,Haul Back,98,90,,112136,3802.4542N,12430.9512W,71,4.5,15.3,106,1018.96,9.88,305.52,8,266,0.496,16.30787,16.3883,16.04789,16.0477,4.2113679,4.21924,33.14947,33.1518,,
8/2/2019,11:26:13,3:26:13,4:26:13,Doors Up,98,90,,112612,3802.5328N,12430.6343W,74,3.5,15.2,106,1018.95,88.52,336.25,7,265,0.497,16.31831,16.3986,16.05854,16.0587,4.212653,4.22113,33.15208,33.1598,,
8/2/2019,11:56:05,3:56:05,4:56:05,Net on Deck,98,90,,115604,3802.8899N,12429.0281W,54,3.2,15.3,106,1019.11,11.1,297.9,10,275,0.491,16.32576,16.4059,16.08164,16.0816,4.2140489,4.22177,33.15815,33.1593,,
8/2/2019,11:56:06,3:56:06,4:56:06,End Marine Mammal Watch,98,90,,115605,3802.8903N,12429.0271W,55,3.2,15.3,106,1019.11,10.63,304,7,305,0.491,16.32576,16.407,16.08164,16.0816,4.2140489,4.22151,33.15815,33.1561,,
8/2/2019,12:00:01,4:00:01,5:00:01,Depart Station,98,90,,120000,3803.1036N,12428.6712W,48,7.4,15.3,106,1019.11,7.23,244.66,2,243,0.493,16.30268,16.3536,15.99815,15.9974,4.2093282,4.21365,33.13586,33.1315,,
8/2/2019,13:32:02,5:32:02,6:32:02,Start Transect,,,46,133202,3810.3876N,12415.2990W,59,9.1,14.7,106,1019.32,7.25,287.61,7,312,0.541,14.24951,14.3527,14.13224,14.1526,4.0452622,4.05295,33.40149,33.383,,
8/2/2019,14:58:12,6:58:12,7:58:12,Start Transect,,,waypoint 046.2A,145811,3817.2309N,12400.2662W,60,10.2,15,105,1019.17,7.68,268.24,5,315,0.54,14.29785,14.3934,14.06664,14.0671,4.0559845,4.06437,33.45839,33.4527,,
8/2/2019,16:32:47,8:32:47,9:32:47,UCTD Deployed,,,,163247,3825.1910N,12342.7047W,62,8.3,13.7,106,1019.04,7.93,263.14,3,283,1.069,12.13881,12.224,11.87064,11.8694,3.8737687,3.88126,33.64571,33.6415,,
8/2/2019,17:59:51,9:59:51,10:59:51,UCTD Deployed,,,,175951,3832.3080N,12326.9724W,60,8.1,12.7,106,1018.52,9.78,263.51,4,259,0.47,11.0062,11.1137,10.76109,10.7603,3.7801224,3.7891,33.75801,33.7484,,
8/2/2019,18:33:16,10:33:16,11:33:16,End Transect,,,46,183315,3834.7563N,12321.4170W,58,5.9,12.1,106,1018.35,16.17,315.78,15,276,0.467,10.32706,10.4449,10.16782,10.167,3.7214207,3.73042,33.798,33.7793,,
8/2/2019,20:41:36,12:41:36,13:41:36,Start Transect,,,44,204135,3818.3547N,12305.7935W,241,8.3,13.3,106,1017.72,15.27,308.31,20,41,0.514,11.27737,11.3396,11.26135,11.2615,3.8016584,3.80985,33.72267,33.7467,,
8/2/2019,21:28:12,13:28:12,14:28:12,UCTD Deployed,,,,212811,3814.5224N,12314.1829W,237,7.9,13.3,106,1017.14,21.97,304.84,26,50,0.773,11.75016,11.8347,11.50083,11.502,3.8423721,3.85104,33.6918,33.6998,,
8/2/2019,23:04:42,15:04:42,16:04:42,UCTD Deployed,,,,230441,3806.3241N,12332.3522W,238,7.8,14.2,106,1017.37,19.03,307.07,23,48,0.811,12.41082,12.5174,12.1798,12.1813,3.9050613,3.91448,33.70299,33.6978,,
8/3/2019,0:08:48,16:08:48,17:08:48,End Transect,,,44,847,3800.7372N,12344.6417W,242,9.5,15.2,106,1017.67,18.19,313.8,23,47,0.498,15.03603,15.128,14.79724,14.7916,4.1144199,4.1255,33.35688,33.3786,,
8/3/2019,1:05:38,17:05:38,18:05:38,Start Transect,,,43,10537,3751.8302N,12338.0503W,76,7,14.8,106,1017.4,17.22,317.97,15,275,0.684,13.90094,13.9971,13.66261,13.6659,4.0134235,4.02197,33.4095,33.4052,,
8/3/2019,2:45:26,18:45:26,19:45:26,UCTD Deployed,,,,24525,3800.4048N,12319.3587W,61,8,13.8,106,1016.2,25.28,305.5,23,268,0.668,12.74607,12.8137,12.43342,12.4301,3.9296046,3.93532,33.63802,33.6323,,
8/3/2019,3:25:48,19:25:48,20:25:48,Break Transect,,,43,32548,3803.8147N,12311.8151W,61,10.6,14.2,106,1015.43,30.31,297.44,19,279,0.636,12.48732,12.5906,12.23969,12.2384,3.9053817,3.91428,33.63743,33.6304,,
8/3/2019,3:54:10,19:54:10,20:54:10,Start Marine Mammal Watch,99,91,,35409,3806.4799N,12309.0447W,307,1.4,14.1,106,1014.98,27.6,303.53,29,354,0.816,12.22749,12.3304,11.98239,11.9815,3.882557,3.89266,33.65086,33.6558,,
8/3/2019,4:23:10,20:23:10,21:23:10,Arrive Station,99,91,,42309,3807.0499N,12310.0044W,285,2,13.9,106,1014.83,28.08,301.7,30,0,0.794,12.25198,12.3498,11.99854,11.9992,3.8856648,3.89525,33.65885,33.6634,,
8/3/2019,4:24:04,20:24:04,21:24:04,Net In Water,99,91,,42403,3807.0630N,12310.0496W,295,3.2,13.8,106,1014.82,28.61,299.81,32,357,0.8,12.24963,12.3504,12.00417,12.0041,3.8855583,3.89518,33.65993,33.6621,,
8/3/2019,4:37:52,20:37:52,21:37:52,Shoot Doors,99,91,,43752,3807.4305N,12310.7955W,299,5.1,13.7,106,1015.06,25.99,311.07,32,2,0.719,12.1792,12.2778,11.92976,11.9296,3.8807354,3.88953,33.67674,33.673,,
8/3/2019,4:41:43,20:41:43,21:41:43,Begin Fishing (EQ),99,91,,44143,3807.5906N,12311.1197W,301,4.7,13.9,106,1014.93,27.2,302.94,32,0,0.723,12.17996,12.2763,11.92717,11.9262,3.8808419,3.88939,33.67708,33.6729,,
8/3/2019,5:26:54,21:26:54,22:26:54,Haul Back,99,91,,52653,3809.0760N,12314.4751W,300,4.2,13.8,106,1014.93,25.93,307.76,29,4,0.624,11.82744,11.9293,11.56284,11.5613,3.8490166,3.85852,33.68657,33.6869,,
8/3/2019,6:09:19,22:09:19,23:09:19,Net on Deck,99,91,,60919,3809.8663N,12316.0466W,253,1.1,14.2,106,1015.06,25.1,301.31,26,3,0.614,11.66723,11.7766,11.41661,11.4164,3.8378735,3.84869,33.72316,33.7295,,
8/3/2019,6:09:20,22:09:20,23:09:20,End Marine Mammal Watch,99,91,,60920,3809.8663N,12316.0469W,253,1.1,14.2,106,1015.06,25.31,305.01,27,5,0.615,11.66723,11.7771,11.41661,11.4164,3.8378735,3.84877,33.72316,33.7298,,
8/3/2019,6:15:26,22:15:26,23:15:26,Depart Station,99,91,,61525,3809.8568N,12316.0693W,44,0.4,14,106,1015.09,25.11,298.22,25,338,0.602,11.67523,11.7847,11.41651,11.4167,3.8386225,3.84917,33.72322,33.7268,,
8/3/2019,6:17:25,22:17:25,23:17:25,Arrive Station,100,,,61724,3809.8729N,12316.0603W,350,0.1,13.9,106,1015.21,23.93,307.84,24,14,0.603,11.66723,11.7809,11.4244,11.4237,3.8378735,3.84933,33.72316,33.7318,,
8/3/2019,6:21:32,22:21:32,23:21:32,CTD IN,100,,,62131,3809.8109N,12316.1176W,220,0.7,14,106,1015.22,26.87,299.86,27,1,0.602,11.6664,11.7794,11.421,11.4221,3.8378735,3.84945,33.72391,33.7344,,
8/3/2019,6:33:06,22:33:06,23:33:06,CTD OUT,100,,,63305,3809.6298N,12316.3464W,217,1.6,13.9,106,1015.12,28.03,303.55,28,22,0.59,11.66563,11.7697,11.40814,11.4088,3.8370149,3.84833,33.7162,33.7322,,
8/3/2019,6:39:16,22:39:16,23:39:16,Bongo IN,100,,,63915,3809.5436N,12316.5013W,261,1.4,14.2,106,1014.87,27.96,304.19,29,4,0.588,11.65443,11.7673,11.41029,11.41,3.8356232,3.84789,33.71276,33.7302,,
8/3/2019,6:47:30,22:47:30,23:47:30,Bongo OUT,100,,,64729,3809.5320N,12316.7647W,248,0.8,14.3,106,1015.04,29.46,307.83,30,8,0.587,11.668,11.7792,11.41029,11.4094,3.838838,3.84848,33.7319,33.725,,
8/3/2019,6:56:44,22:56:44,23:56:44,Depart Station,100,,,65643,3809.7738N,12316.9234W,338,2.3,14.3,106,1014.9,26.23,296.8,30,337,0.589,11.69595,11.801,11.44139,11.4411,3.8408735,3.85038,33.7264,33.7239,,
8/3/2019,13:20:19,5:20:19,6:20:19,Resume Transect,,,43,132018,3803.8241N,12311.6670W,71,4.1,12.9,106,1014.92,11.32,311.99,10,274,0.717,12.28443,12.3702,12.03211,12.0319,3.8893068,3.89653,33.66481,33.6574,,
8/3/2019,14:22:00,6:22:00,7:22:00,UCTD Deployed,,,,142159,3808.8367N,12300.8543W,60,8.5,11.3,106,1015.15,7.11,293.86,6,282,0.74,12.90994,12.9609,12.65932,12.6616,3.948572,3.95444,33.67264,33.6831,,
8/3/2019,14:38:42,6:38:42,7:38:42,End Transect,,,43,143841,3809.8737N,12258.5869W,60,5.9,11,106,1015.26,2.44,270.64,4,328,0.716,12.74531,12.926,12.15828,12.1619,3.9384989,3.95004,33.72361,33.6722,,
8/3/2019,17:08:21,9:08:21,10:08:21,Start Transect,,,42,170820,3800.6122N,12253.0067W,237,5.4,12.5,105,1015.4,5.62,284.34,10,23,0.579,11.06428,11.1135,10.98078,11.0033,3.777768,3.78394,33.68125,33.6973,,
8/3/2019,17:58:32,9:58:32,10:58:32,Break Transect,,,42,175832,3756.7919N,12301.0895W,240,8.8,12.9,105,1015.43,9.04,292.45,16,29,0.766,12.55029,12.6904,12.47911,12.4833,3.9088111,3.92032,33.61397,33.599,,
8/3/2019,20:55:33,12:55:33,13:55:33,Resume Transect,,,42,205532,3756.7159N,12300.9978W,246,6.4,13.6,105,1014.86,9.95,294.12,15,29,0.973,13.07034,13.2255,13.18128,13.1803,3.9562892,3.96754,33.60332,33.5723,,
8/3/2019,21:37:12,13:37:12,14:37:12,UCTD Deployed,,,,213711,3753.4664N,12308.7102W,240,8.3,13.9,105,1015.02,7.96,283.68,14,19,0.862,12.67856,12.7342,12.46488,12.4585,3.9192071,3.92724,33.59892,33.6261,,
8/3/2019,22:44:19,14:44:19,15:44:19,Break Transect,,,42,224419,3747.8958N,12320.9458W,243,7.8,14.3,105,1014.92,11.68,301.75,17,32,0.7,13.26452,13.3814,13.2661,13.2891,3.9769791,3.98564,33.62689,33.6052,,
8/4/2019,1:43:46,17:43:46,18:43:46,Resume Transect,,,42,14345,3747.9156N,12320.8199W,241,4.3,14.8,105,1014.33,10.61,306.4,13,40,0.735,13.40848,13.5811,13.3722,13.3678,3.9932714,4.00775,33.65303,33.6365,,
8/4/2019,1:57:42,17:57:42,18:57:42,UCTD Deployed,,,,15741,3746.8113N,12323.3174W,241,8.1,14.6,105,1014.19,13.99,304.91,19,40,0.848,13.51954,13.6223,13.42948,13.4347,4.0016319,4.0119,33.63352,33.6392,,
8/4/2019,3:05:08,19:05:08,20:05:08,End Transect,,,42,30507,3740.9952N,12336.0803W,240,9.8,15.4,105,1014.64,15.16,315.52,20,46,0.776,14.89786,15.0208,14.77443,14.7792,4.1028391,4.11122,33.37003,33.3409,,
8/4/2019,5:36:39,21:36:39,22:36:39,Arrive Station,101,,,53638,3752.7812N,12319.6196W,193,0.7,14.5,106,1014.1,20.26,305.85,20,21,0.858,13.06564,13.1782,12.83216,12.8305,3.9560781,3.96683,33.60549,33.6075,,
8/4/2019,5:37:54,21:37:54,22:37:54,CTD IN,101,,,53753,3752.7670N,12319.6313W,219,0.9,14.6,106,1014.15,22.92,305.04,23,14,0.854,13.07498,13.1736,12.83229,12.8341,3.9562892,3.96625,33.59921,33.6061,,
8/4/2019,5:48:21,21:48:21,22:48:21,CTD OUT,101,,,54820,3752.6702N,12319.7013W,226,0.6,14.5,106,1014.21,18.8,306.74,19,12,0.842,13.0875,13.1778,12.82744,12.8255,3.9569339,3.96683,33.59421,33.6078,,
8/4/2019,5:54:51,21:54:51,22:54:51,Bongo IN,101,,,55450,3752.7016N,12319.8660W,295,1.5,14.5,105,1014.11,21.51,300.13,23,2,0.834,12.98825,13.0999,12.75026,12.7469,3.9476097,3.95939,33.59386,33.6064,,
8/4/2019,6:02:55,22:02:55,23:02:55,Bongo OUT,101,,,60254,3752.7473N,12320.1018W,301,1.5,14.5,105,1014.26,19.5,298.2,21,351,0.811,12.94051,13.0413,12.6959,12.6957,3.9433213,3.95366,33.59553,33.6041,,
8/4/2019,6:10:26,22:10:26,23:10:26,Depart Station,101,,,61026,3752.9004N,12320.0722W,10,1.3,14.6,106,1014.34,18.65,293.59,19,317,0.816,12.96322,13.0549,12.71059,12.7016,3.9453598,3.95551,33.59472,33.6097,,
8/4/2019,7:15:48,23:15:48,0:15:48,Arrive Station,102,,,71547,3747.6624N,12312.6169W,270,2.4,14.5,106,1014.39,18.12,304.15,22,15,0.845,13.09845,13.182,12.82014,12.8204,3.956719,3.96594,33.58247,33.5957,,
8/4/2019,7:15:50,23:15:50,0:15:50,Bongo IN,102,,,71549,3747.6627N,12312.6182W,276,2.2,14.5,106,1014.39,20.95,305.84,23,14,0.842,13.09845,13.1807,12.82014,12.8209,3.956719,3.96592,33.58247,33.5967,,
8/4/2019,7:23:21,23:23:21,0:23:21,Bongo OUT,102,,,72320,3747.6435N,12312.8577W,267,1.6,14.4,105,1014.34,17.69,303.47,19,9,0.837,13.06564,13.1749,12.82362,12.8223,3.9545741,3.9641,33.59124,33.5846,,
8/4/2019,7:31:24,23:31:24,0:31:24,Depart Station,102,,,73124,3747.9174N,12313.0852W,327,3.8,14.5,106,1014.16,15.83,289.87,19,333,0.842,13.06251,13.1713,12.81133,12.8097,3.9529667,3.96195,33.57879,33.5675,,
8/4/2019,9:17:25,1:17:25,2:17:25,Arrive Station,103,,,91724,3739.1750N,12258.3446W,83,4.3,14.3,106,1014.69,11.1,313.47,9,272,0.87,13.8346,13.975,13.62904,13.6469,4.00785,4.0207,33.41547,33.4126,,
8/4/2019,9:22:38,1:22:38,2:22:38,Bongo IN,103,,,92237,3739.2732N,12258.4763W,295,2.5,14.4,106,1014.46,14.8,312.23,16,7,0.873,14.0574,14.0899,13.68439,13.6832,4.0227516,4.03017,33.36005,33.4005,,
8/4/2019,9:28:41,1:28:41,2:28:41,Bongo OUT,103,,,92840,3739.3169N,12258.6749W,275,1.8,14.3,106,1014.41,12.61,311.54,14,7,0.88,13.8971,13.9972,13.62217,13.6222,4.0102094,4.02193,33.38299,33.4047,,
8/4/2019,9:36:15,1:36:15,2:36:15,Depart Station,103,,,93615,3739.5478N,12258.8667W,330,2.6,14.2,106,1014.43,9.67,300.47,12,330,0.901,13.89172,14.0435,13.68174,13.6803,4.0089197,4.02369,33.37569,33.3808,,
8/4/2019,13:22:41,5:22:41,6:22:41,Start Transect,,,39,132240,3734.6752N,12232.3883W,235,4.6,13.8,106,1015.53,5.4,235.19,10,354,0.766,14.05969,14.1497,13.76105,13.7564,4.0449402,4.05804,33.56345,33.6061,,
8/4/2019,15:06:29,7:06:29,8:06:29,UCTD Deployed,,,,150629,3726.1749N,12251.0807W,241,8.3,14.4,106,1015.52,15.76,312.59,21,46,0.961,14.49999,14.6155,14.23804,14.2371,4.0726013,4.08308,33.43622,33.4325,,
8/4/2019,16:49:03,8:49:03,9:49:03,UCTD Deployed,,,,164902,3717.2497N,12310.4960W,242,8.2,15.8,98,1016.23,16.6,310.18,21,53,0.681,,14.2461,,13.8879,,4.04609,,33.4121,,
8/5/2019,3:11:36,19:11:36,20:11:36,End Transect,,,39,31135,3623.4546N,12506.8755W,249,9.6,18,86,1018.18,14.09,342.79,16,62,0.543,,,,,,,,,,
8/5/2019,13:22:48,5:22:48,6:22:48,Start Transect,,,36,132247,3646.9986N,12258.2326W,66,9.7,16.2,98,1016.38,7.76,230.83,3,308,0.568,,16.6848,,16.3358,,4.26321,,33.2901,16.219,1509.579
8/5/2019,15:04:53,7:04:53,8:04:53,UCTD Deployed,,,,150452,3655.6532N,12239.5570W,63,8.1,15,100,1016.79,8.2,242,0,191,0.62,,14.6836,,14.3191,,4.07737,,33.3219,14.192,1503.247
8/5/2019,16:43:04,8:43:04,9:43:04,UCTD Deployed,,,,164303,3703.8731N,12221.6594W,56,8.4,13.4,104,1017.25,10.18,300.31,10,293,0.792,,12.6445,,12.2845,,3.92248,,33.6606,12.017,1496.428
8/5/2019,16:57:27,8:57:27,9:57:27,End Transect,,,36,165726,3704.8267N,12219.5873W,57,6,13.2,104,1017.04,6.37,295.95,6,322,0.672,,12.0667,,11.621,,3.86931,,33.6675,11.154,1493.492
8/5/2019,18:12:05,10:12:05,11:12:05,Start Transect,,,37,181204,3713.5044N,12227.0708W,275,8.4,13.5,105,1017.26,3.71,329.9,11,24,0.85,,12.7002,,12.3806,,3.92906,,33.6738,12.083,1496.64
8/5/2019,19:11:41,11:11:41,12:11:41,UCTD Deployed,,,,191141,3708.6476N,12237.6999W,242,8.2,14.3,102,1016.74,10.54,308.15,17,41,0.872,,14.7442,,14.4277,,4.11533,,33.6159,14.314,1503.973
8/5/2019,20:09:48,12:09:48,13:09:48,Break Transect,,,37,200947,3703.9182N,12248.0026W,240,10.4,15.4,99,1016.51,15.89,316.44,21,51,0.602,,16.6223,,16.3113,,4.25955,,33.3101,16.234,1509.646
8/5/2019,20:28:08,12:28:08,13:28:08,Resume Transect,,,37,202807,3704.1643N,12247.5088W,236,5.3,15.1,99,1016.65,18.35,323.41,19,62,0.595,,16.5977,,16.2931,,4.25716,,33.3096,16.199,1509.493
8/5/2019,21:21:36,13:21:36,14:21:36,UCTD Deployed,,,,212135,3659.7011N,12256.9340W,240,8.5,16.5,94,1016.53,17.93,321.07,21,56,0.6,,16.2127,,15.8994,,4.21789,,33.2863,15.784,1508.16
8/5/2019,22:11:17,14:11:17,15:11:17,End Transect,,,37,221117,3655.7478N,12305.6923W,239,9.7,16.5,96,1016.97,14,305.13,20,41,0.614,,16.9197,,16.5965,,4.29348,,33.3584,16.487,1510.379
8/5/2019,23:19:55,15:19:55,16:19:55,Start Transect,,,38,231954,3706.1015N,12308.8203W,66,5.4,15.9,97,1016,13.79,327.01,14,290,0.611,,16.6627,,16.3187,,4.26584,,33.3314,16.191,1509.527
8/6/2019,0:40:29,16:40:29,17:40:29,UCTD Deployed,,,,4028,3712.9648N,12254.0133W,65,8.1,14.9,99,1015.41,14.26,287.98,10,264,0.749,,14.473,,14.1255,,4.07479,,33.4796,13.945,1502.797
8/6/2019,2:20:00,18:20:00,19:20:00,UCTD Deployed,,,,21959,3721.1511N,12236.2093W,62,7.8,14.8,100,1015,6.62,272.38,5,326,1.132,,15.0062,,14.6798,,4.13598,,33.5777,14.194,1503.294
8/6/2019,3:04:38,19:04:38,20:04:38,End Transect,,,38,30438,3724.8838N,12228.0303W,63,6,13.9,101,1015.03,3.64,332.7,7,336,0.898,,13.7079,,13.387,,4.02139,,33.6526,12.795,1498.991
8/6/2019,4:20:03,20:20:03,21:20:03,Start Marine Mammal Watch,,,,42003,3728.7727N,12230.1028W,281,3.5,13.7,101,1015.07,2.27,159.08,3,319,0.81,,12.4669,,12.309,,3.90919,,33.6924,11.651,1495.229
8/6/2019,7:31:09,23:31:09,0:31:09,Arrive Station,,,,73108,3726.7244N,12236.9559W,138,4.9,14.9,98,1015.02,8.99,320.36,4,184,0.902,,15.0965,,14.7263,,4.14365,,33.5696,14.568,1504.793
8/6/2019,23:59:40,15:59:40,16:59:40,Start Transect,,,,235940,3849.9534N,12339.6705W,255,4.3,14.9,93,1012.28,25.55,329.74,27,78,0.854,,10.3753,,10.0438,,3.72795,,33.8191,9.725,1488.612
8/7/2019,3:20:05,19:20:05,20:20:05,End Transect,,,,32004,3832.5533N,12418.2499W,241,10.4,15.1,96,1014.48,17.23,318.26,22,48,0.828,,14.7793,,14.4603,,4.1016,,33.4605,14.376,1504.009
8/7/2019,3:59:48,19:59:48,20:59:48,Start Marine Mammal Watch,104,92,,35947,3831.2871N,12410.1361W,101,10.3,15.1,96,1014.81,15.1,333.31,11,283,0.843,,14.3939,,13.9797,,4.06582,,33.4656,13.786,1502.144
8/7/2019,4:36:03,20:36:03,21:36:03,Arrive Station,104,92,,43602,3830.3036N,12402.4213W,25,3.4,15,97,1014.49,19.52,316.33,21,333,0.859,,13.9553,,13.5728,,4.02647,,33.4833,13.438,1501.012
8/7/2019,5:27:05,21:27:05,22:27:05,Net In Water,104,92,,52705,3830.0355N,12401.8897W,112,3.1,17.6,93,1014.82,18.25,332.13,19,220,0.863,,13.8991,,13.5258,,4.0178,,33.4517,13.395,1500.87
8/7/2019,5:46:35,21:46:35,22:46:35,Shoot Doors,104,92,,54635,3829.5630N,12400.7577W,116,4.9,16.1,90,1014.85,11.98,324.18,8,229,0.866,,13.7889,,13.4067,,4.01171,,33.4913,13.265,1500.452
8/7/2019,5:50:14,21:50:14,22:50:14,Begin Fishing (EQ),104,92,,55014,3829.4312N,12400.4141W,122,5,16.2,92,1015,17.6,339.92,14,241,0.865,,13.7758,,13.3881,,4.01073,,33.4936,13.238,1500.37
8/7/2019,6:35:21,22:35:21,23:35:21,Haul Back,104,92,,63520,3827.6903N,12357.2022W,131,3.9,22.8,67,1014.74,20.65,323.66,16,204,0.872,,13.4702,,13.1078,,3.98192,,33.4921,13.001,1499.572
8/7/2019,7:30:09,23:30:09,0:30:09,Net on Deck,104,92,,73008,3826.0092N,12355.0278W,137,3.6,14.9,98,1014.35,23.59,321.24,21,188,0.81,,14.5954,,14.2214,,4.07592,,33.3843,14.112,1503.111
8/7/2019,7:30:10,23:30:10,0:30:10,End Marine Mammal Watch,104,92,,73009,3826.0086N,12355.0268W,134,3.6,14.9,98,1014.35,22.54,323.25,19,192,0.81,,14.5952,,14.2215,,4.07608,,33.386,14.115,1503.114
8/7/2019,7:33:30,23:33:30,0:33:30,Depart Station,104,92,,73329,3825.8351N,12354.8297W,141,4.7,14.8,96,1014.53,23.7,321.88,20,183,0.809,,14.6071,,14.2353,,4.07787,,33.3921,14.126,1503.143
8/7/2019,7:35:01,23:35:01,0:35:01,Start Marine Mammal Watch,105,93,,73501,3825.7497N,12354.7360W,139,4.2,14.8,97,1014.65,21.19,322.61,17,191,0.81,,14.6131,,14.2391,,4.07816,,33.3897,14.129,1503.146
8/7/2019,7:44:38,23:44:38,0:44:38,Arrive Station,105,93,,74437,3825.1438N,12353.3510W,117,10.9,15.6,94,1014.73,15.37,313.79,6,243,0.811,,14.6006,,14.2252,,4.07604,,33.381,14.108,1503.046
8/7/2019,7:49:33,23:49:33,0:49:33,Net In Water,105,93,,74933,3824.8251N,12352.7776W,139,4.5,14.8,93,1014.39,22.49,321.96,18,183,0.809,,14.5858,,14.2072,,4.07325,,33.3682,14.086,1502.993
8/7/2019,8:31:19,0:31:19,1:31:19,Shoot Doors,105,93,,83118,3823.0502N,12350.8994W,143,4.9,14.8,97,1014.07,25.77,318.81,22,172,0.809,,14.6262,,14.2799,,4.07658,,33.3639,14.162,1503.238
8/7/2019,8:35:16,0:35:16,1:35:16,Begin Fishing (EQ),105,93,,83515,3822.7552N,12350.6459W,146,5.2,14.8,97,1014.1,26.07,320.85,22,172,0.81,,14.6256,,14.2786,,4.07733,,33.3713,14.161,1503.236
8/7/2019,9:20:12,1:20:12,2:20:12,Haul Back,105,93,,92011,3819.6972N,12348.3836W,152,4.8,15,95,1013.84,25.78,327.52,21,181,0.803,,14.3107,,13.9242,,4.04993,,33.3915,13.757,1502.091
8/7/2019,10:07:30,2:07:30,3:07:30,Net on Deck,105,93,,100730,3817.0639N,12346.9641W,125,3.6,16.8,81,1014.03,23.33,325.74,20,190,0.884,,12.4754,,12.114,,3.90103,,33.6063,11.928,1496.086
8/7/2019,10:07:32,2:07:32,3:07:32,End Marine Mammal Watch,105,93,,100731,3817.0632N,12346.9630W,125,3.7,16.8,81,1014.03,25.65,313.91,22,204,0.883,,12.4754,,12.1143,,3.90095,,33.6056,11.928,1496.089
8/7/2019,10:08:50,2:08:50,3:08:50,Start Marine Mammal Watch,106,94,,100849,3817.0001N,12346.8924W,141,4,15,85,1013.89,25,318.48,21,181,0.884,,12.4668,,12.1101,,3.90003,,33.6044,11.93,1496.097
8/7/2019,10:15:25,2:15:25,3:15:25,Depart Station,105,93,,101524,3816.5516N,12346.5606W,149,5,14.7,95,1013.84,25.88,322.54,21,180,0.877,,12.4054,,12.0474,,3.89439,,33.6052,11.859,1495.852
8/7/2019,10:25:04,2:25:04,3:25:04,Net In Water,106,94,,102503,3815.6061N,12345.7006W,140,4.6,14.6,95,1014,23.6,320.16,19,183,0.882,,12.1989,,11.8447,,3.87574,,33.6106,11.663,1495.187
8/7/2019,10:38:27,2:38:27,3:38:27,Shoot Doors,106,94,,103826,3814.9090N,12345.0455W,137,4.2,14.6,95,1013.87,17.09,323.19,15,181,0.879,,12.1192,,11.7634,,3.86967,,33.6237,11.59,1494.971
8/7/2019,10:42:54,2:42:54,3:42:54,Begin Fishing (EQ),106,94,,104253,3814.6327N,12344.7804W,143,4.4,14.6,95,1013.83,24.39,319.8,20,183,0.87,,12.1396,,11.7861,,3.87329,,33.6404,11.616,1495.076
8/7/2019,11:27:56,3:27:56,4:27:56,Haul Back,106,94,,112755,3812.3932N,12342.2866W,137,3.7,14.5,93,1014.12,20.74,322.41,19,187,0.799,,12.8431,,12.5011,,3.92591,,33.5165,12.375,1497.519
8/7/2019,11:33:10,3:33:10,4:33:10,Doors Up,106,94,,113309,3812.2220N,12342.0626W,131,2.9,14.6,94,1013.87,24.76,320.61,20,184,0.799,,12.9034,,12.5571,,3.93131,,33.5144,12.429,1497.689
8/7/2019,12:14:56,4:14:56,5:14:56,Net on Deck,106,94,,121455,3810.8781N,12340.1097W,136,4.9,14.4,94,1013.69,25.78,324.05,19,185,0.782,,12.9262,,12.5717,,3.93493,,33.5285,12.422,1497.692
8/7/2019,12:14:57,4:14:57,5:14:57,End Marine Mammal Watch,106,94,,121456,3810.8771N,12340.1086W,136,4.8,14.4,94,1013.69,23.9,314.49,19,175,0.782,,12.9257,,12.5719,,3.93484,,33.5281,12.423,1497.7
8/7/2019,12:19:38,4:19:38,5:19:38,Depart Station,106,94,,121938,3810.5089N,12339.5663W,127,8.6,20,77,1013.77,24.45,315.09,16,201,0.781,,12.9072,,12.5529,,3.93433,,33.5397,12.41,1497.645
8/7/2019,17:35:13,9:35:13,10:35:13,Start Transect,,,41,173512,3752.9751N,12244.1880W,275,8,13.3,98,1014.32,16.81,302.4,24,18,0.924,,14.1299,,13.8914,,4.00044,,33.0913,12.985,1499.144
8/7/2019,18:04:51,10:04:51,11:04:51,UCTD Deployed,,,,180450,3750.5540N,12249.4124W,239,8.2,13.7,98,1014.92,12.57,300.37,18,36,1.022,,13.9877,,13.7872,,3.98538,,33.0744,13.511,1500.717
8/7/2019,19:44:52,11:44:52,12:44:52,UCTD Deployed,,,,194451,3742.3136N,12307.4847W,243,7.9,14.7,94,1015.49,15.05,293.2,20,34,1.428,,13.9528,,13.6937,,4.03259,,33.5422,13.576,1501.425
8/7/2019,21:29:14,13:29:14,14:29:14,End Transect,,,41,212913,3733.5047N,12326.6586W,240,10,15.4,94,1016.02,14.23,299.88,21,34,1.177,,14.0043,,13.696,,4.0415,,33.5799,13.426,1500.998
8/7/2019,22:33:14,14:33:14,15:33:14,Start Transect,,,40,223313,3722.5329N,12324.4266W,65,4.2,16.8,93,1016.26,10.61,298.42,8,266,1.038,,15.17,,14.8313,,4.13661,,33.443,14.646,1504.961
8/7/2019,22:38:37,14:38:37,15:38:37,Break Transect,,,40,223837,3722.8954N,12323.6618W,61,8.4,15.5,96,1016.32,12.79,285.52,9,271,1.082,,15.1021,,14.7881,,4.12989,,33.4403,14.596,1504.69
8/7/2019,22:46:26,14:46:26,15:46:26,Resume Transect,,,,224626,3722.5585N,12324.2913W,240,10.3,15.7,96,1015.73,12.49,285.94,21,29,1.066,,15.1698,,14.8328,,4.13658,,33.4429,14.681,1505.059
8/7/2019,23:18:08,15:18:08,16:18:08,End Transect,,,40 offshore,231807,3719.8414N,12330.2873W,240,10.4,16,95,1015.69,13.53,298.69,22,37,1.007,,15.3781,,4.15713,,33.4503,,15.0502,14.824,1505.143
8/8/2019,0:06:38,16:06:38,17:06:38,Resume Transect,,,40,637,3722.8615N,12323.5743W,60,11.2,15.7,97,1015.61,12.41,269.88,6,262,1.077,,15.2325,,14.8974,,4.14284,,33.4458,14.671,1505.042
8/8/2019,1:27:12,17:27:12,18:27:12,UCTD Deployed,,,,12711,3730.2651N,12307.4642W,61,8.6,15.4,97,1014.68,8.84,272.28,8,266,1.357,,14.6654,,14.2554,,4.08545,,33.4112,14.129,1503.264
8/8/2019,3:41:53,19:41:53,20:41:53,End Transect,,,40,34152,3742.2042N,12241.3051W,62,10.3,14.7,97,1014.32,11.17,263.99,4,275,1.134,,14.5499,,14.2448,,4.02318,,32.9413,14.119,1502.641
8/8/2019,4:10:48,20:10:48,21:10:48,Start Marine Mammal Watch,107,95,,41047,3739.5524N,12244.4934W,231,10.4,14.8,97,1014.22,13.57,279.19,21,29,1.314,,14.6414,,14.2887,,4.08191,,33.3996,14.145,1503.162
8/8/2019,4:40:30,20:40:30,21:40:30,Arrive Station,107,95,,44029,3736.1152N,12249.3837W,250,7.7,14.9,96,1014.57,17.03,296.7,23,18,1.294,,14.2213,,13.9033,,4.04617,,33.4343,13.788,1502.126
8/8/2019,4:43:23,20:43:23,21:43:23,Net In Water,107,95,,44322,3736.1666N,12249.5490W,300,1.5,14.9,97,1014.98,19.53,288.16,21,345,1.295,,14.2636,,13.9115,,4.05001,,33.433,13.782,1502.08
8/8/2019,4:59:21,20:59:21,21:59:21,Shoot Doors,107,95,,45920,3736.4072N,12250.2033W,292,4.1,14.9,97,1014.84,17.8,294.75,22,358,1.382,,14.1991,,13.8439,,4.04428,,33.4361,13.712,1501.846
8/8/2019,5:03:43,21:03:43,22:03:43,Begin Fishing (EQ),107,95,,50342,3736.5312N,12250.5605W,292,3.8,14.9,96,1014.9,16.3,293.12,21,357,1.441,,14.1822,,13.8422,,4.04411,,33.4492,13.694,1501.795
8/8/2019,5:49:30,21:49:30,22:49:30,Haul Back,107,95,,54929,3737.8270N,12253.5343W,302,3,14.8,96,1014.7,20.02,295.56,23,353,1.593,,13.8202,,13.4599,,4.01673,,33.5107,13.31,1500.62
8/8/2019,5:55:24,21:55:24,22:55:24,Doors Up,107,95,,55523,3737.9154N,12253.7290W,300,2.2,14.8,96,1014.66,21.81,294.94,23,350,1.597,,13.7903,,13.4388,,4.01354,,33.5071,13.281,1500.584
8/8/2019,6:20:21,22:20:21,23:20:21,Net on Deck,107,95,,62020,3737.8215N,12254.5909W,222,2.3,14.5,97,1014.33,19.44,298.88,20,36,1.756,,13.7491,,13.394,,4.01126,,33.5218,13.255,1500.462
8/8/2019,6:20:21,22:20:21,23:20:21,End Marine Mammal Watch,107,95,,62020,3737.8215N,12254.5909W,222,2.3,14.5,97,1014.33,19.44,298.88,20,36,1.756,,13.7491,,13.394,,4.01126,,33.5218,13.255,1500.462
8/8/2019,6:31:11,22:31:11,23:31:11,Depart Station,107,95,,63110,3737.2981N,12255.5532W,240,8.6,14.6,97,1014.34,19.62,299.79,24,34,1.849,,13.7715,,13.4185,,4.01393,,33.5272,13.289,1500.576
8/8/2019,6:41:11,22:41:11,23:41:11,Start Marine Mammal Watch,108,96,,64110,3736.4694N,12257.3748W,240,10.1,14.7,97,1014.17,19.1,297.15,26,34,1.649,,13.6126,,13.2742,,3.99948,,33.5315,13.143,1500.042
8/8/2019,7:13:22,23:13:22,0:13:22,Arrive Station,108,96,,71321,3733.4848N,12303.0868W,130,3.9,15.1,99,1015.32,17.76,304.52,14,183,1.502,,14.255,,13.8942,,4.0479,,33.4211,13.76,1502.021
8/8/2019,7:13:56,23:13:56,0:13:56,Net In Water,108,96,,71356,3733.4609N,12303.0472W,126,4,15,98,1015.27,19,305.61,17,183,1.501,,14.2533,,13.8961,,4.04634,,33.4081,13.754,1501.991
8/8/2019,7:27:36,23:27:36,0:27:36,Shoot Doors,108,96,,72735,3732.9497N,12302.1508W,123,4.6,15.1,95,1015.31,21.49,307.03,17,187,1.391,,13.8566,,13.4946,,4.0142,,33.4553,13.327,1500.6
8/8/2019,7:31:22,23:31:22,0:31:22,Begin Fishing (EQ),108,96,,73121,3732.7705N,12301.8153W,124,4.5,15,95,1015.33,15.4,304.64,11,183,1.368,,13.8153,,13.4894,,4.0115,,33.4663,13.349,1500.7
8/8/2019,8:16:31,0:16:31,1:16:31,Haul Back,108,96,,81630,3730.9513N,12258.7517W,124,4.2,15,97,1015.37,18.1,302.78,14,183,1.282,,13.819,,13.4734,,4.01248,,33.4722,13.341,1500.675
8/8/2019,9:00:55,1:00:55,2:00:55,Net on Deck,108,96,,90054,3729.8345N,12256.1200W,124,3,17,73,1015.5,19.28,305.14,15,205,1.194,,14.0663,,13.7024,,4.03222,,33.4399,13.518,1500.766
8/8/2019,9:00:56,1:00:56,2:00:56,End Marine Mammal Watch,108,96,,90055,3729.8342N,12256.1188W,123,2.9,17,73,1015.5,16.99,307.38,14,201,1.195,,14.067,,13.7019,,4.03222,,33.4394,13.459,1501.074
8/8/2019,9:05:53,1:05:53,2:05:53,Depart Station,108,96,,90552,3729.7082N,12255.8111W,120,3.8,17.9,73,1015.36,19.59,298.59,16,189,1.244,,14.2211,,13.891,,4.04617,,33.4345,13.785,1502.102
8/8/2019,9:49:37,1:49:37,2:49:37,Start Marine Mammal Watch,109,97,,94936,3728.2616N,12303.8842W,258,10,15.1,99,1015,15.55,299.1,23,20,1.421,,14.4997,,14.1539,,4.06947,,33.4078,14.024,1502.816
8/8/2019,10:12:53,2:12:53,3:12:53,Arrive Station,109,97,,101252,3727.9182N,12308.4593W,303,4.1,15.1,100,1014.97,15.93,295.71,20,349,1.435,,14.4488,,14.0957,,4.06943,,33.4513,13.954,1502.657
8/8/2019,10:20:35,2:20:35,3:20:35,Net In Water,109,97,,102034,3728.0554N,12308.7949W,311,1.2,15.1,100,1015.1,16.86,291.85,18,342,1.432,,14.3991,,14.0524,,4.06242,,33.4299,13.916,1502.534
8/8/2019,10:35:35,2:35:35,3:35:35,Shoot Doors,109,97,,103534,3728.4689N,12309.6193W,303,4.5,15.1,100,1015.26,15.52,296.55,20,351,1.39,,14.3844,,14.0431,,4.06533,,33.4694,13.916,1502.574
8/8/2019,10:39:19,2:39:19,3:39:19,Begin Fishing (EQ),109,97,,103918,3728.6435N,12309.9393W,303,4.6,15,100,1015.26,12.31,299.44,18,354,1.367,,14.4227,,14.0829,,4.07042,,33.483,13.961,1502.719
8/8/2019,11:24:21,3:24:21,4:24:21,Haul Back,109,97,,112420,3730.1963N,12313.3385W,293,4.1,14.9,101,1015.3,12.82,298.97,17,359,1.249,,14.351,,14.0067,,4.0618,,33.4658,13.877,1502.432
8/8/2019,12:19:10,4:19:10,5:19:10,Net on Deck,109,97,,121909,3730.8755N,12315.6848W,284,2.4,14.9,101,1015.24,15.66,297.94,17,6,1.263,,14.4728,,14.0999,,4.07229,,33.4569,13.971,1502.712
8/8/2019,12:19:10,4:19:10,5:19:10,End Marine Mammal Watch,109,97,,121909,3730.8755N,12315.6848W,286,2.5,14.9,101,1015.24,14.55,297.83,17,7,1.263,,14.4728,,14.0999,,4.07229,,33.4569,13.969,1502.713
8/8/2019,12:29:29,4:29:29,5:29:29,Depart Station,109,97,,122928,3730.6330N,12315.9983W,156,8.4,14.9,101,1015.51,11.92,308.88,7,115,1.265,,14.4831,,14.1063,,4.07267,,33.4514,13.974,1502.71
8/8/2019,17:31:39,9:31:39,10:31:39,Start Transect,,,35,173138,3640.1289N,12248.4036W,53,9,16.6,94,1017.64,7.24,249.67,3,336,0.985,,16.4374,,16.0851,,4.24173,,33.3082,15.908,1508.617
8/8/2019,18:02:13,10:02:13,11:02:13,UCTD Deployed,,,,180212,3642.7157N,12242.9319W,60,8.2,15.7,101,1017.81,7.13,253.71,3,18,0.985,,15.5838,,15.3166,,4.15941,,33.2962,15.156,1506.257
8/8/2019,19:56:52,11:56:52,12:56:52,UCTD Deployed,,,,195651,3651.7317N,12223.3697W,59,7.9,15,101,1017.31,6.09,246.06,2,341,1.022,,15.0615,,14.6939,,4.11471,,33.3378,14.317,1503.697
8/8/2019,21:20:21,13:20:21,14:20:21,End Transect,,,35,212020,3657.9315N,12210.0222W,58,6,14.8,96,1015.77,23.32,298.24,21,259,1.432,,13.4323,,13.289,,3.99152,,33.6155,12.896,1500.075
8/8/2019,22:49:48,14:49:48,15:49:48,Start Transect,,,34,224947,3653.3955N,12154.5137W,236,6.5,16,85,1014.04,21.76,275.59,26,25,1.422,,13.8701,,13.6529,,4.02381,,33.5329,13.205,1500.677
8/9/2019,0:05:22,16:05:22,17:05:22,Break Transect,,,34,521,3647.0902N,12208.2815W,238,10.2,15.4,100,1015.06,20.96,301.3,28,33,1.097,,12.962,,12.7717,,3.94136,,33.5578,12.605,1498.374
8/9/2019,3:10:09,19:10:09,20:10:09,Start Marine Mammal Watch,110,98,,31009,3709.5093N,12235.3072W,319,10.4,15.6,103,1015.98,9.72,306.58,20,353,1.536,,14.9482,,14.6245,,4.12866,,33.5612,13.906,1502.673
8/9/2019,4:09:50,20:09:50,21:09:50,Arrive Station,110,98,,40949,3711.5817N,12239.6175W,186,3.7,15.5,104,1016.01,10.06,319.05,8,136,1.352,,15.71,,15.2549,,4.18948,,33.4579,14.567,1504.798
8/9/2019,4:10:53,20:10:53,21:10:53,Net In Water,110,98,,41052,3711.5339N,12239.5952W,148,2.9,15.5,104,1016.23,11.76,312.53,9,160,1.34,,15.7314,,15.4565,,4.19235,,33.4653,14.749,1504.933
8/9/2019,4:25:04,20:25:04,21:25:04,Shoot Doors,110,98,,42504,3710.8072N,12239.1528W,156,4.7,15.5,104,1016.14,10.08,313.75,6,140,1.343,,15.7404,,15.4261,,4.19258,,33.4597,15.26,1506.795
8/9/2019,4:28:44,20:28:44,21:28:44,Begin Fishing (EQ),110,98,,42843,3710.5285N,12238.9868W,155,5.2,15.6,104,1016.06,10.73,316.07,6,136,1.341,,15.6992,,15.3607,,4.18835,,33.4569,15.209,1506.658
8/9/2019,5:13:48,21:13:48,22:13:48,Haul Back,110,98,,51348,3707.6034N,12237.1003W,146,4.5,15.7,104,1016.47,10.32,313.64,6,160,1.446,,15.6192,,15.2544,,4.18753,,33.5175,14.903,1505.764
8/9/2019,5:19:10,21:19:10,22:19:10,Doors Up,110,98,,51909,3707.4325N,12236.9583W,145,2.7,15.7,104,1016.41,11.65,315.38,8,164,1.44,,15.6005,,15.288,,4.18654,,33.5246,15.045,1506.203
8/9/2019,5:44:11,21:44:11,22:44:11,Net on Deck,110,98,,54411,3706.4558N,12236.2582W,149,4.6,15.7,104,1016.37,11.34,314,7,157,1.375,,15.1367,,14.8239,,4.13052,,33.4165,14.53,1504.642
8/9/2019,5:44:11,21:44:11,22:44:11,End Marine Mammal Watch,110,98,,54411,3706.4558N,12236.2582W,149,4.6,15.7,104,1016.37,11.34,314,7,157,1.375,,15.1367,,14.8239,,4.13052,,33.4165,14.53,1504.642
8/9/2019,5:54:46,21:54:46,22:54:46,Depart Station,110,98,,55445,3705.1841N,12235.4622W,194,8.6,15.5,104,1016.21,8.92,319.7,8,62,1.432,,15.4008,,15.0836,,4.15616,,33.4222,14.922,1505.822
8/9/2019,6:35:23,22:35:23,23:35:23,Start Marine Mammal Watch,111,99,,63522,3700.3478N,12240.1869W,215,8.8,15.1,104,1015.82,9.29,303.79,13,46,1.286,,15.1781,,14.9284,,4.1315,,33.3899,14.911,1505.659
8/9/2019,7:07:33,23:07:33,0:07:33,Arrive Station,111,99,,70732,3656.7044N,12243.1004W,157,3.7,15.5,104,1015.49,13.47,319.79,10,156,1.267,,15.657,,15.3334,,4.17802,,33.4005,15.229,1506.643
8/9/2019,7:07:54,23:07:54,0:07:54,Net In Water,111,99,,70754,3656.6839N,12243.0894W,158,3.7,15.5,104,1015.4,12.58,325.57,9,165,1.256,,15.6644,,15.3413,,4.17886,,33.4017,15.235,1506.72
8/9/2019,7:24:10,23:24:10,0:24:10,Shoot Doors,111,99,,72409,3655.9107N,12242.6355W,158,4.3,15.5,104,1015.47,13,319.13,9,155,1.242,,15.86,,15.5244,,4.19696,,33.3976,15.367,1507.111
8/9/2019,7:28:17,23:28:17,0:28:17,Begin Fishing (EQ),111,99,,72817,3655.6152N,12242.4756W,156,4.4,15.5,104,1015.37,12.02,316.81,8,151,1.235,,15.8085,,15.4711,,4.19097,,33.3878,15.294,1506.935
8/9/2019,8:13:18,0:13:18,1:13:18,Haul Back,111,99,,81317,3653.0106N,12240.8971W,151,4.1,15.8,104,1015.44,8.06,336.73,5,191,1.119,,15.5847,,15.2674,,4.15783,,33.2813,15.168,1506.33
8/9/2019,8:58:36,0:58:36,1:58:36,Net on Deck,111,99,,85836,3651.1982N,12239.3660W,138,3.5,15.6,104,1015.17,3.73,333.5,1,268,1.073,,15.6668,,15.3412,,4.16662,,33.2904,15.118,1506.166
8/9/2019,8:58:37,0:58:37,1:58:37,End Marine Mammal Watch,111,99,,85837,3651.1975N,12239.3651W,137,3.5,15.6,104,1015.27,3.78,332.19,1,264,1.073,,15.6674,,15.3417,,4.16666,,33.2903,15.115,1506.12
8/9/2019,9:09:08,1:09:08,2:09:08,Depart Station,111,99,,90907,3650.7471N,12238.7730W,85,5.9,15.4,104,1015.07,3.92,268.16,2,357,1.065,,15.649,,15.3147,,4.16449,,33.2864,15.186,1506.399
8/9/2019,9:27:22,1:27:22,2:27:22,Start Marine Mammal Watch,112,100,,92722,3650.9757N,12235.5379W,84,8.9,15.2,104,1015.07,8.92,303.35,6,290,1.082,,16.0511,,15.7244,,4.20288,,33.2892,15.658,1507.874
8/9/2019,9:59:00,1:59:00,2:59:00,Arrive Station,112,100,,95859,3651.2389N,12229.9576W,166,4.3,15.5,104,1014.78,13.66,317.47,10,135,1.067,,16.2217,,15.8856,,4.22168,,33.3122,15.768,1508.185
8/9/2019,9:59:23,1:59:23,2:59:23,Net In Water,112,100,,95922,3651.2123N,12229.9478W,165,4.3,15.5,104,1014.82,12.97,326.51,9,150,1.067,,16.223,,15.8925,,4.22185,,33.3126,15.784,1508.309
8/9/2019,10:13:21,2:13:21,3:13:21,Shoot Doors,112,100,,101320,3650.5250N,12229.5472W,154,4.2,15.5,104,1014.79,14.17,328.65,9,167,1.073,,16.3095,,15.9804,,4.22972,,33.3095,15.877,1508.563
8/9/2019,10:17:31,2:17:31,3:17:31,Begin Fishing (EQ),112,100,,101730,3650.2255N,12229.3656W,154,4.6,15.4,104,1014.81,12.64,324.81,8,167,1.075,,16.2878,,15.9518,,4.22684,,33.3023,15.844,1508.44
8/9/2019,11:02:33,3:02:33,4:02:33,Haul Back,112,100,,110232,3647.4582N,12227.6944W,156,4.4,15.5,103,1014.91,9.23,329.15,5,164,1.044,,16.2554,,15.9129,,4.22137,,33.2812,15.795,1508.299
8/9/2019,11:06:58,3:06:58,4:06:58,Doors Up,112,100,,110657,3647.2523N,12227.5833W,155,2.7,15.5,103,1014.93,10.69,331.56,8,175,1.036,,16.2847,,15.9514,,4.22454,,33.2846,15.845,1508.463
8/9/2019,11:41:10,3:41:10,4:41:10,Net on Deck,112,100,,114110,3646.0056N,12226.7657W,136,2.8,16.5,101,1014.91,5.42,334.19,3,229,1.014,,15.98,,15.6367,,4.19447,,33.2744,15.451,1507.251
8/9/2019,11:41:11,3:41:11,4:41:11,End Marine Mammal Watch,112,100,,114111,3646.0051N,12226.7650W,136,2.8,16.5,101,1014.97,5.41,337.97,3,238,1.015,,15.979,,15.6368,,4.19434,,33.2741,15.454,1507.248
8/9/2019,11:47:48,3:47:48,4:47:48,Depart Station,112,100,,114747,3645.7692N,12226.6956W,181,2.1,15.6,101,1014.93,7.8,331.34,7,144,1.011,,15.8597,,15.5236,,4.18294,,33.2732,15.394,1507.023
8/9/2019,13:25:11,5:25:11,6:25:11,Resume Transect,,,34,132510,3634.6171N,12235.0588W,60,5.9,14.9,102,1015.26,5.92,312.64,7,311,1.228,,14.243,,13.8867,,4.05203,,33.4695,13.725,1501.936
8/9/2019,13:35:59,5:35:59,6:35:59,Break Transect,,,34,133558,3635.5288N,12233.3194W,57,9.8,15.2,103,1015.38,4.79,315.32,10,325,1.238,,14.0606,,13.721,,4.03501,,33.4707,13.557,1501.382
8/9/2019,13:49:08,5:49:08,6:49:08,Resume Transect,,,34 extended,134907,3634.7410N,12234.9743W,239,10.1,15.1,103,1015.43,5.02,356.11,9,33,1.262,,14.1551,,4.04271,,33.4598,,13.8297,13.705,1501.856
8/9/2019,14:19:08,6:19:08,7:19:08,End Transect,,,34 extended,141907,3632.1198N,12240.5092W,241,10.6,15.8,104,1015.42,6.32,334.54,12,32,1.151,,14.9781,,4.097,,33.2485,,14.6291,14.478,1504.142
8/9/2019,15:01:03,7:01:03,8:01:03,Resume Transect,,,34,150102,3635.4530N,12233.4845W,62,10.7,15.1,103,1015.82,5.7,11.73,15,342,1.327,,14.1254,,13.7331,,4.02988,,33.3671,13.489,1501.029
8/9/2019,15:31:23,7:31:23,8:31:23,UCTD Deployed,,,,153122,3638.0011N,12227.8753W,60,8.4,15,103,1015.98,6.99,301.83,8,308,1.449,,13.7434,,13.3813,,4.00995,,33.5146,13.178,1500.198
8/9/2019,17:06:21,9:06:21,10:06:21,UCTD Deployed,,,,170620,3645.9276N,12210.7208W,61,7.9,14.3,103,1016.32,7.56,294.8,7,297,1.22,,13.6156,,13.2385,,3.9897,,33.4374,13.006,1499.597
8/9/2019,17:24:38,9:24:38,10:24:38,End Transect,,,34,172437,3647.3293N,12207.7668W,59,9.4,14.1,102,1016.32,1.63,267.09,8,1,1.201,,12.6012,,12.2232,,3.90924,,33.5725,11.821,1495.69
8/9/2019,18:55:49,10:55:49,11:55:49,Start Transect,,,33,185548,3643.6387N,12150.2741W,244,6.5,15.4,94,1015.69,12.28,278.79,18,23,1.668,,14.6894,,14.5567,,4.10562,,33.5747,14.287,1503.904
8/9/2019,19:25:03,11:25:03,12:25:03,UCTD Deployed,,,,192503,3641.8851N,12154.1052W,239,7.5,14.7,98,1015.76,10.31,274.25,17,22,1.277,,13.1304,,12.8991,,3.95947,,33.5802,12.526,1498.083
8/9/2019,21:09:43,13:09:43,14:09:43,UCTD Deployed,,,,210942,3633.4218N,12212.3278W,243,7.9,15.7,101,1015.64,10.33,285.81,17,25,1.258,,13.2581,,12.9209,,3.96731,,33.5414,12.585,1498.246
8/10/2019,0:48:27,16:48:27,17:48:27,End Transect,,,33,4827,3615.4103N,12250.8310W,238,10.3,18,100,1015.05,7.38,270.28,17,12,1.151,,17.4316,,16.7458,,4.33381,,33.2839,16.324,1509.996
8/10/2019,3:04:12,19:04:12,20:04:12,Start Marine Mammal Watch,113,101,,30411,3632.7440N,12236.0631W,34,9,16.2,103,1014.47,7.07,272.24,8,307,1.348,,15.3545,,14.8678,,4.14206,,33.335,14.257,1503.512
8/10/2019,4:03:28,20:03:28,21:03:28,Arrive Station,113,101,,40327,3639.8823N,12229.8675W,154,2,15.4,105,1014.57,8.03,321.09,6,153,1.504,,14.7138,,14.312,,4.09816,,33.4855,13.502,1501.26
8/10/2019,4:04:12,20:04:12,21:04:12,Net In Water,113,101,,40411,3639.8577N,12229.8564W,161,2.2,15.4,105,1014.55,7.9,314.89,6,144,1.516,,14.8358,,14.6289,,4.11093,,33.4967,13.414,1500.932
8/10/2019,4:18:20,20:18:20,21:18:20,Shoot Doors,113,101,,41819,3639.1787N,12229.5000W,155,4.1,15.4,105,1014.67,7.35,309.53,4,129,1.431,,14.0757,,13.788,,4.03501,,33.4576,13.457,1501.085
8/10/2019,4:21:42,20:21:42,21:21:42,Begin Fishing (EQ),113,101,,42141,3638.9514N,12229.3638W,156,4.4,15.5,105,1014.7,7.72,313.92,4,135,1.434,,14.0276,,13.678,,4.03082,,33.4607,13.424,1500.97
8/10/2019,5:12:25,21:12:25,22:12:25,Doors Up,113,101,,51224,3636.2973N,12227.7815W,161,2.4,15.8,105,1014.72,3.35,334.4,1,165,1.512,,13.8398,,13.5343,,4.00845,,33.4165,13.308,1500.584
8/10/2019,5:39:16,21:39:16,22:39:16,Net on Deck,113,101,,53915,3635.4628N,12227.2028W,165,2.5,14.6,105,1014.8,2.92,51.67,3,298,1.471,,14.2752,,13.8086,,4.04597,,33.3858,13.301,1500.575
8/10/2019,5:39:21,21:39:21,22:39:21,End Marine Mammal Watch,113,101,,53920,3635.4593N,12227.2015W,164,2.5,14.6,105,1014.89,2.41,29.88,2,299,1.471,,14.2584,,13.7997,,4.04308,,33.3737,13.299,1500.534
8/10/2019,5:42:51,21:42:51,22:42:51,Depart Station,113,101,,54250,3635.2414N,12227.1292W,164,6,14.7,106,1014.83,2.57,61.65,6,337,1.449,,14.461,,14.1116,,4.06246,,33.3769,13.428,1500.841
8/10/2019,5:49:12,21:49:12,22:49:12,Start Marine Mammal Watch,114,102,,54911,3634.4278N,12226.8438W,164,8.5,14.7,106,1014.82,2.13,53.31,8,347,1.456,,14.0237,,13.678,,4.02291,,33.3908,13.334,1500.643
8/10/2019,6:25:45,22:25:45,23:25:45,Arrive Station,114,102,,62545,3629.5554N,12225.2093W,139,3.3,14.7,106,1014.84,2.2,88.47,5,352,1.442,,13.9569,,13.526,,4.02647,,33.4819,12.961,1499.438
8/10/2019,6:26:33,22:26:33,23:26:33,Net In Water,114,102,,62632,3629.5242N,12225.1739W,137,3.1,14.7,106,1014.88,2.78,76.35,5,344,1.446,,13.7861,,13.4431,,4.0111,,33.488,12.98,1499.523
8/10/2019,6:41:34,22:41:34,23:41:34,Shoot Doors,114,102,,64134,3628.9130N,12224.4720W,136,4,14.5,106,1014.8,2.8,4.51,3,329,1.45,,14.0665,,13.7807,,4.03695,,33.4835,12.921,1499.243
8/10/2019,6:45:33,22:45:33,23:45:33,Begin Fishing (EQ),114,102,,64532,3628.7041N,12224.2125W,138,4.6,14.5,106,1014.75,4.05,12.63,4,316,1.471,,14.7385,,14.4078,,4.10239,,33.5029,13.453,1501.479
8/10/2019,7:30:31,23:30:31,0:30:31,Haul Back,114,102,,73030,3626.7963N,12221.7276W,131,3.8,14.4,106,1014.82,4.31,339.63,2,271,1.65,,14.7079,,14.3606,,4.10414,,33.5451,13.783,1502.134
8/10/2019,8:21:55,0:21:55,1:21:55,Net on Deck,114,102,,82154,3625.3503N,12219.3678W,111,3.5,15.2,106,1014.62,2.57,344.8,2,333,1.769,,14.3027,,13.848,,4.06432,,33.5309,13.278,1500.579
8/10/2019,8:21:56,0:21:56,1:21:56,End Marine Mammal Watch,114,102,,82155,3625.3498N,12219.3668W,114,3.6,15.2,106,1014.68,2.05,320.79,2,325,1.765,,14.2987,,13.8474,,4.06416,,33.5329,13.282,1500.586
8/10/2019,8:29:19,0:29:19,1:29:19,Depart Station,114,102,,82918,3625.1754N,12218.8391W,109,3.7,15.6,106,1014.62,5.2,354.91,5,290,1.706,,14.4321,,14.1338,,4.07745,,33.5394,13.4,1500.992
8/10/2019,9:43:38,1:43:38,2:43:38,Start Marine Mammal Watch,115,103,,94337,3633.5078N,12212.7080W,31,8,14.7,106,1014.35,2.09,12.01,10,353,1.447,,14.4446,,14.1271,,4.07175,,33.4763,13.78,1502.143
8/10/2019,10:16:34,2:16:34,3:16:34,Arrive Station,115,103,,101633,3636.7791N,12210.0631W,98,2.1,14.1,106,1014.36,0.96,72.68,3,4,1.446,,14.1799,,13.8222,,4.03806,,33.3954,13.5,1501.188
8/10/2019,10:16:52,2:16:52,3:16:52,Net In Water,115,103,,101651,3636.7770N,12210.0508W,103,1.9,14.2,106,1014.38,0.33,11.3,3,8,1.449,,14.1735,,13.8213,,4.03794,,33.3998,13.489,1501.157
8/10/2019,10:32:12,2:32:12,3:32:12,Shoot Doors,115,103,,103211,3636.6627N,12209.3597W,96,3.8,14.4,106,1014.4,0.88,178.22,4,20,1.443,,14.1615,,13.7983,,4.03514,,33.3844,13.557,1501.339
8/10/2019,10:36:07,2:36:07,3:36:07,Begin Fishing (EQ),115,103,,103606,3636.6328N,12209.0040W,98,4.2,14.4,106,1014.38,0.45,216.95,4,16,1.436,,14.1328,,13.7554,,4.03296,,33.3891,13.451,1500.871
8/10/2019,11:21:08,3:21:08,4:21:08,Haul Back,115,103,,112107,3635.4762N,12205.7133W,119,4,14.8,106,1014.5,3,296.6,1,12,1.435,,12.9289,,12.6538,,3.93972,,33.5716,12.032,1496.43
8/10/2019,11:26:23,3:26:23,4:26:23,Doors Up,115,103,,112622,3635.3438N,12205.4571W,120,2.9,15.7,106,1014.55,3.04,338.68,2,308,1.504,,13.1313,,12.8169,,3.95968,,33.5814,12.051,1496.499
8/10/2019,11:58:09,3:58:09,4:58:09,Net on Deck,115,103,,115808,3634.9928N,12204.1386W,99,1.9,15.8,106,1014.61,2.52,2.22,3,306,1.612,,13.2085,,12.916,,3.96542,,33.5674,12.574,1498.252
8/10/2019,11:58:09,3:58:09,4:58:09,End Marine Mammal Watch,115,103,,115808,3634.9928N,12204.1386W,99,1.9,15.8,106,1014.61,2.52,2.22,3,305,1.612,,13.214,,12.9174,,3.9658,,33.566,12.576,1498.273
8/10/2019,12:06:42,4:06:42,5:06:42,Depart Station,115,103,,120642,3634.6777N,12203.7921W,151,6.7,16.3,106,1014.56,5.41,18.3,5,312,1.552,,13.046,,12.6483,,3.94736,,33.5402,12.248,1497.071
8/10/2019,13:26:34,5:26:34,6:26:34,Start Transect,,,32,132633,3628.3631N,12157.2263W,243,6.1,15.5,105,1014.48,11.69,335.97,13,63,1.403,,12.5089,,12.1697,,3.90704,,33.634,11.803,1495.802
8/10/2019,14:30:52,6:30:52,7:30:52,UCTD Deployed,,,,143051,3623.3210N,12208.2177W,241,7.6,15,105,1015.1,7.38,356.46,8,57,1.521,,14.6405,,14.282,,4.07155,,33.3058,14.178,1503.227
8/10/2019,16:10:03,8:10:03,9:10:03,UCTD Deployed,,,,161002,3615.0784N,12225.8752W,241,7.9,15.4,106,1015.67,0.16,189.24,8,0,1.55,,14.8053,,14.4775,,4.10328,,33.4534,13.981,1502.817
8/10/2019,18:28:23,10:28:23,11:28:23,End Transect,,,32,182822,3603.2724N,12251.2453W,242,10.4,17,105,1016.53,4.82,221.04,15,357,1.173,,17.7374,,17.4006,,4.34921,,33.1655,16.664,1510.771
8/10/2019,19:34:51,11:34:51,12:34:51,Start Transect,,,31,193450,3552.4959N,12248.7725W,56,7.8,17.6,101,1016.61,5.55,253.35,3,330,1.103,,18.07,,17.7419,,4.37143,,33.0841,17.25,1512.488
8/10/2019,21:13:34,13:13:34,14:13:34,Break Transect,,,31,211333,3600.0540N,12232.6049W,62,9.3,17.2,102,1016.54,9.48,235.99,0,57,1.064,,17.0042,,16.665,,4.28817,,33.2425,16.309,1509.825
8/10/2019,21:13:38,13:13:38,14:13:38,Start Transect,,,31,211337,3600.0586N,12232.5935W,63,9.3,17.2,102,1016.56,9.3,244,1,2,1.064,,17.0076,,16.666,,4.29348,,33.2857,16.312,1509.847
8/10/2019,21:50:36,13:50:36,14:50:36,UCTD Deployed,,,,215035,3602.8659N,12226.6989W,57,8.4,17.3,102,1016.41,8.63,243.56,1,329,1.084,,16.0641,,15.7364,,4.20495,,33.2966,14.813,1505.092
8/10/2019,23:24:35,15:24:35,16:24:35,UCTD Deployed,,,,232434,3610.6569N,12209.9573W,59,7.9,16,104,1016.02,7.21,254.28,2,303,1.316,,15.0962,,14.6498,,4.11833,,33.3409,13.512,1501.152
8/11/2019,0:56:41,16:56:41,17:56:41,End Transect,,,31,5640,3617.8120N,12154.5877W,57,6.6,15.2,105,1015.3,1.8,213.4,4,347,1.509,,12.7379,,12.5813,,3.92943,,33.6437,12.059,1496.724
8/11/2019,3:26:06,19:26:06,20:26:06,Start Marine Mammal Watch,116,104,,32606,3608.3196N,12219.9354W,246,8.2,14.9,106,1016.04,17.86,316.11,22,45,1.768,,13.942,,13.6346,,4.01972,,33.4322,13.37,1500.331
8/11/2019,3:59:59,19:59:59,20:59:59,Arrive Station,116,104,,35959,3606.4641N,12224.9890W,249,5.4,15.5,105,1016.47,16.57,319.55,20,44,1.689,,15.2794,,14.9497,,4.13285,,33.316,14.794,1505.148
8/11/2019,4:03:53,20:03:53,21:03:53,Net In Water,116,104,,40352,3606.3062N,12225.0508W,153,3.4,15.7,105,1016.74,15.3,330.41,12,181,1.675,,15.2827,,14.9565,,4.13307,,33.3151,14.821,1505.3
8/11/2019,4:17:23,20:17:23,21:17:23,Shoot Doors,116,104,,41722,3605.5529N,12224.6025W,156,5.1,15.7,105,1016.88,20.05,329.35,15,172,1.699,,15.2359,,14.905,,4.1307,,33.3335,14.764,1504.833
8/11/2019,4:21:12,20:21:12,21:21:12,Begin Fishing (EQ),116,104,,42111,3605.2445N,12224.4342W,155,5.1,15.6,105,1016.93,23.03,326.58,18,175,1.702,,15.2017,,14.8634,,4.12901,,33.3474,14.673,1504.863
8/11/2019,5:06:16,21:06:16,22:06:16,Haul Back,116,104,,50616,3602.1440N,12222.9277W,156,4.1,15.5,105,1017.32,18.18,329.61,14,175,1.886,,13.5299,,13.2227,,3.99473,,33.5597,12.933,1499.447
8/11/2019,5:11:07,21:11:07,22:11:07,Doors Up,116,104,,51106,3601.9448N,12222.8144W,156,3.1,15.5,105,1017.36,18.1,334.84,15,181,1.879,,13.4774,,13.1915,,3.98826,,33.5452,12.968,1499.554
8/11/2019,5:49:26,21:49:26,22:49:26,Net on Deck,116,104,,54926,3600.4573N,12222.0950W,99,2.6,16.1,105,1017.39,13.97,341.94,13,282,1.789,,13.4392,,13.1008,,3.98132,,33.5136,12.824,1499.169
8/11/2019,5:49:26,21:49:26,22:49:26,End Marine Mammal Watch,116,104,,54926,3600.4573N,12222.0950W,99,2.6,16.1,105,1017.39,13.97,341.94,13,282,1.789,,13.4392,,13.1008,,3.98132,,33.5136,12.824,1499.169
8/11/2019,6:31:39,22:31:39,23:31:39,Depart Station,116,104,,63139,3602.4955N,12219.6442W,59,6.6,14.8,105,1017.24,6.6,239,0,310,1.708,,14.6287,,14.2988,,4.07646,,33.3606,14.145,1503.196
8/11/2019,6:51:54,22:51:54,23:51:54,Start Marine Mammal Watch,117,105,,65153,3604.1876N,12216.5839W,50,9.5,15.1,104,1016.99,0.89,352.18,10,358,1.743,,14.603,,14.2495,,4.07425,,33.3626,14.028,1502.85
8/11/2019,7:29:04,23:29:04,0:29:04,Arrive Station,117,105,,72904,3607.9304N,12211.8849W,324,3.4,15.2,103,1016.92,19.76,337.66,23,353,1.744,,14.2888,,13.9908,,4.05476,,33.455,13.821,1502.255
8/11/2019,7:29:49,23:29:49,0:29:49,Net In Water,117,105,,72948,3607.9659N,12211.9130W,330,3.6,15.2,103,1016.91,20.53,338.66,24,352,1.745,,14.3065,,14.0181,,4.05596,,33.4507,13.849,1502.283
8/11/2019,7:46:03,23:46:03,0:46:03,Shoot Doors,117,105,,74602,3608.4384N,12212.3012W,340,3.6,15.3,102,1016.84,20.48,327.19,24,346,1.758,,14.5804,,14.256,,4.07716,,33.4086,14.17,1503.326
8/11/2019,7:50:22,23:50:22,0:50:22,Begin Fishing (EQ),117,105,,75021,3608.7129N,12212.4134W,340,4,15.3,102,1016.65,21.07,328.47,26,348,1.764,,14.6407,,14.3257,,4.08083,,33.3903,14.199,1503.508
8/11/2019,8:35:18,0:35:18,1:35:18,Haul Back,117,105,,83517,3611.1458N,12213.3579W,343,3.5,15.1,102,1016.46,22.53,334.92,26,347,1.903,,14.5758,,14.264,,4.07562,,33.3986,14.106,1503.12
8/11/2019,8:40:20,0:40:20,1:40:20,Doors Up,117,105,,84019,3611.3524N,12213.4356W,343,2.9,15.2,102,1016.35,19.28,322.31,22,334,1.905,,14.653,,14.3307,,4.083,,33.3995,14.18,1503.351
8/11/2019,9:13:12,1:13:12,2:13:12,Net on Deck,117,105,,91311,3611.9877N,12215.0594W,313,2.1,15.1,102,1016.32,21.05,336.16,23,358,1.897,,14.5157,,14.2021,,4.07001,,33.3989,14.032,1502.87
8/11/2019,9:13:13,1:13:13,2:13:13,End Marine Mammal Watch,117,105,,91312,3611.9880N,12215.0600W,311,2.1,15.1,101,1016.32,21.13,339.5,23,1,1.897,,14.5155,,14.2021,,4.07004,,33.3993,14.032,1502.866
8/11/2019,9:27:02,1:27:02,2:27:02,Depart Station,117,105,,92701,3612.5614N,12215.7156W,324,7.2,15.1,101,1016.03,18.76,334.33,27,1,1.892,,14.3746,,14.0529,,4.05778,,33.4085,13.858,1502.279
8/11/2019,9:56:45,1:56:45,2:56:45,Start Marine Mammal Watch,118,106,,95645,3617.3244N,12215.7998W,4,10.4,14.8,104,1016,18.18,326.51,27,336,1.887,,14.6866,,14.3886,,4.08283,,33.369,14.276,1503.674
8/11/2019,10:28:45,2:28:45,3:28:45,Arrive Station,118,106,,102845,3622.5997N,12215.4193W,127,3.5,15.6,104,1016.56,18.43,343.64,16,213,1.788,,14.9089,,14.5762,,4.10278,,33.36,14.417,1504.068
8/11/2019,10:30:00,2:30:00,3:30:00,Net In Water,118,106,,102959,3622.5222N,12215.3762W,161,4.7,15,104,1016.52,18.69,337.11,14,183,1.798,,14.8876,,14.5569,,4.10127,,33.3646,14.398,1503.918
8/11/2019,10:42:42,2:42:42,3:42:42,Shoot Doors,118,106,,104241,3621.6965N,12214.9939W,159,4.3,14.9,104,1016.65,16.24,347.4,12,194,1.76,,14.5692,,14.2651,,4.0767,,33.4141,14.076,1503.014
8/11/2019,10:46:37,2:46:37,3:46:37,Begin Fishing (EQ),118,106,,104636,3621.4008N,12214.8453W,155,4.7,15,104,1016.66,19.68,339.04,15,184,1.749,,14.5111,,14.2074,,4.07205,,33.4216,14.03,1502.897
8/11/2019,11:31:39,3:31:39,4:31:39,Haul Back,118,106,,113138,3618.7084N,12213.5709W,168,3.8,14.8,104,1016.52,19.77,353.98,16,188,1.804,,14.6913,,14.3783,,4.08104,,33.3487,14.26,1503.552
8/11/2019,11:36:47,3:36:47,4:36:47,Doors Up,118,106,,113646,3618.4746N,12213.5046W,166,2.5,14.8,104,1016.61,20.29,352.76,19,181,1.816,,14.7157,,14.3837,,4.08429,,33.3574,14.228,1503.434
8/11/2019,12:08:23,4:08:23,5:08:23,Net on Deck,118,106,,120822,3617.0197N,12213.1505W,167,3,14.8,104,1016.59,21.98,342.56,20,180,1.824,,14.7084,,14.3812,,4.08625,,33.3815,14.256,1503.468
8/11/2019,12:08:23,4:08:23,5:08:23,End Marine Mammal Watch,118,106,,120823,3617.0189N,12213.1504W,167,3,14.9,104,1016.59,23,346.83,20,180,1.826,,14.7092,,14.3812,,4.08638,,33.382,14.248,1503.393
8/11/2019,12:14:09,4:14:09,5:14:09,Depart Station,118,106,,121408,3616.7505N,12213.1120W,172,4.3,14.7,104,1016.66,20.24,343.64,16,195,1.823,,14.6967,,14.3684,,4.08554,,33.3851,14.212,1503.464
8/11/2019,14:48:19,6:48:19,7:48:19,Start Transect,,,30,144819,3610.7567N,12144.2097W,248,7.6,11.7,105,1016.83,5.65,140.58,8,326,2.083,,12.6097,,12.2514,,3.91815,,33.6503,12.068,1496.667
8/11/2019,15:58:56,7:58:56,8:58:56,UCTD Deployed,,,,155856,3604.9293N,12156.5347W,240,8,13.2,105,1017.62,14.14,331.98,16,64,2.317,,12.3861,,12.2974,,3.90091,,33.6852,11.866,1495.972
8/11/2019,17:19:02,9:19:02,10:19:02,UCTD Deployed,,,,171901,3558.3656N,12210.5987W,240,8,14.3,106,1017.7,22.1,318.15,25,59,2.109,,12.5719,,12.5396,,3.91042,,33.61,12.025,1496.471
8/11/2019,19:25:25,11:25:25,12:25:25,End Transect,,,30,192524,3547.8321N,12233.0875W,240,10.4,17.5,94,1018.19,20.38,316.12,25,48,1.5,,16.6552,,16.627,,4.25712,,33.2615,16.28,1509.657
8/11/2019,20:49:13,12:49:13,13:49:13,Resume Transect,,,31,204912,3552.6824N,12248.3934W,246,10.4,17.9,94,1018.61,16.49,325.77,20,54,1.357,,17.4157,,17.4252,,4.32144,,33.1908,16.973,1511.793
8/11/2019,21:26:26,13:26:26,14:26:26,Break Transect,,,31,212626,3549.9309N,12254.1207W,229,2.9,18.2,92,1018.43,16.17,327.53,16,68,1.314,,17.6442,,4.3367,,33.1347,,17.6591,17.202,1512.374
8/11/2019,21:56:27,13:56:27,14:56:27,Resume Transect,,,31,215627,3550.2277N,12253.6819W,240,8.3,18,94,1018.08,18.13,322.14,22,51,1.289,,17.5399,,4.32714,,33.1381,,17.5616,17.065,1511.925
8/11/2019,23:05:26,15:05:26,16:05:26,UCTD Deployed,,,,230525,3544.5387N,12305.6717W,236,8.1,18.3,94,1017.72,21.09,315.32,24,51,1.242,,18.1021,,18.139,,4.36878,,33.0358,17.684,1513.661
8/11/2019,23:45:28,15:45:28,16:45:28,End Transect,,,31,234527,3541.2938N,12312.7352W,240,7.7,18.3,94,1017.9,16.07,320.92,20,59,1.219,,18.3001,,18.2983,,4.39493,,33.0967,17.906,1514.408
8/12/2019,3:26:35,19:26:35,20:26:35,Start Marine Mammal Watch,119,107,,32635,3551.7431N,12232.2098W,68,8,17.1,98,1016.21,7.1,234.39,1,183,1.18,,16.9008,,16.6133,,4.27957,,33.2534,16.435,1510.207
8/12/2019,4:04:37,20:04:37,21:04:37,Arrive Station,119,107,,40436,3553.4078N,12226.7805W,154,4.3,18.5,86,1016.56,26.3,332.49,22,198,1.601,,13.9743,,13.7104,,4.03386,,33.5353,13.268,1500.571
8/12/2019,4:05:30,20:05:30,21:05:30,Net In Water,119,107,,40529,3553.3514N,12226.7396W,146,4.2,20.9,80,1016.45,26.23,337.29,22,201,1.605,,13.9152,,13.6501,,4.02852,,33.5374,13.291,1500.603
8/12/2019,4:20:15,20:20:15,21:20:15,Shoot Doors,119,107,,42014,3552.6739N,12225.8806W,127,4.6,17,93,1016.57,13.08,329.51,9,230,1.668,,13.3386,,13.069,,3.9818,,33.6068,12.772,1498.951
8/12/2019,4:23:49,20:23:49,21:23:49,Begin Fishing (EQ),119,107,,42348,3552.5143N,12225.5636W,120,5,16.9,94,1016.66,17.37,324.81,13,223,1.678,,13.3316,,13.0571,,3.98131,,33.6084,12.755,1498.902
8/12/2019,5:09:17,21:09:17,22:09:17,Haul Back,119,107,,50916,3550.3486N,12222.6519W,134,3.4,22.6,73,1016.88,20.7,348.46,18,229,1.953,,15.0294,,14.6957,,4.1339,,33.539,14.598,1504.88
8/12/2019,5:14:00,21:14:00,22:14:00,Doors Up,119,107,,51359,3550.1783N,12222.4953W,140,3,22,76,1016.87,19.73,342.78,17,220,1.933,,15.2513,,14.9204,,4.15492,,33.5387,14.806,1505.551
8/12/2019,5:42:20,21:42:20,22:42:20,Net on Deck,119,107,,54219,3549.2068N,12221.3816W,125,3.1,15.9,99,1016.71,11.97,349.46,10,251,1.954,,15.3055,,15.0042,,4.16161,,33.5525,14.854,1505.669
8/12/2019,5:43:24,21:43:24,22:43:24,End Marine Mammal Watch,119,107,,54323,3549.1708N,12221.3264W,120,3.1,16,99,1016.79,10.64,350.65,8,234,1.961,,15.321,,15.0105,,4.16273,,33.5494,14.854,1505.69
8/12/2019,6:05:59,22:05:59,23:05:59,Depart Station,119,107,,60558,3548.3817N,12220.2059W,128,3.3,17,97,1016.54,20.72,339.76,18,230,2.008,,15.1338,,14.8323,,4.1459,,33.5579,14.625,1504.968
8/12/2019,7:01:36,23:01:36,0:01:36,Start Marine Mammal Watch,120,108,,70135,3554.4781N,12216.4801W,21,9.5,14.7,103,1015.94,17.92,311.19,23,314,2.182,,13.8767,,13.6063,,4.02901,,33.5755,13.397,1500.969
8/12/2019,7:36:01,23:36:01,0:36:01,Arrive Station,120,108,,73600,3559.0082N,12213.7720W,138,5,18.1,103,1016.12,25.81,331.08,21,199,2.081,,12.7844,,12.5139,,3.93066,,33.614,12.205,1497.072
8/12/2019,7:37:56,23:37:56,0:37:56,Net In Water,120,108,,73755,3558.8771N,12213.6472W,146,5.1,15.7,87,1016.07,21.15,334.87,17,186,2.114,,12.7775,,12.5153,,3.92935,,33.6076,12.244,1497.194
8/12/2019,7:51:28,23:51:28,0:51:28,Net on Deck,120,108,DOLPHINS SPOTTED ,75128,3558.1476N,12213.1052W,148,3.6,15.1,100,1015.96,25.59,330.92,22,187,2.283,,12.9999,,12.719,,3.95135,,33.619,12.505,1498.103
8/12/2019,7:51:33,23:51:33,0:51:33,End Marine Mammal Watch,120,108,DOLPHINS SPOTTED ,75132,3558.1440N,12213.1021W,146,3.8,15.1,100,1015.86,22.67,339.77,19,187,2.276,,13.0032,,12.721,,3.95172,,33.6196,12.51,1498.105
8/12/2019,7:54:19,23:54:19,0:54:19,Notes,,,move 1 mile dolphins,75419,3558.0043N,12212.9609W,101,3.9,15.5,99,1015.62,22.18,331.47,20,278,2.076,,13.043,,12.7549,,3.95267,,33.5933,12.54,1498.174
8/12/2019,8:09:27,0:09:27,1:09:27,Depart Station,,,still dolphins trawl cancelled,80926,3559.0036N,12212.0339W,127,5.5,16.6,103,1015.6,20.16,324.26,15,224,2.189,,12.7505,,12.4748,,3.92906,,33.6289,12.227,1497.157
8/12/2019,9:09:19,1:09:19,2:09:19,Start Marine Mammal Watch,121,109,,90919,3602.8937N,12204.6280W,50,7.1,14.7,102,1015.11,5.62,274.42,5,332,2.082,,12.8047,,12.5067,,3.94032,,33.6879,12.253,1497.316
8/12/2019,9:40:25,1:40:25,2:40:25,Arrive Station,121,109,,94025,3605.2363N,12201.2402W,47,6.8,14.3,102,1014.97,7.86,240.34,2,250,1.995,,12.5251,,12.2355,,3.91331,,33.6796,12,1496.461
8/12/2019,9:44:54,1:44:54,2:44:54,Net In Water,121,109,,94454,3605.2397N,12200.9321W,150,4.9,14.5,102,1015.3,24.2,331.08,20,183,2.024,,12.5319,,12.243,,3.91291,,33.6698,12.005,1496.459
8/12/2019,9:59:55,1:59:55,2:59:55,Shoot Doors,121,109,,95954,3604.2868N,12200.3004W,152,4.8,14.8,101,1015.2,25.76,340.51,21,197,1.977,,12.5435,,12.2563,,3.91534,,33.6827,12.027,1496.555
8/12/2019,10:03:44,2:03:44,3:03:44,Begin Fishing (EQ),121,109,,100343,3603.9911N,12200.0872W,151,5.1,14.8,98,1015.15,20.08,335.33,17,186,1.973,,12.5501,,12.2644,,3.91656,,33.6884,12.031,1496.591
8/12/2019,10:48:45,2:48:45,3:48:45,Haul Back,121,109,,104844,3601.1861N,12157.8591W,149,4.5,14.5,96,1015.12,24.49,331.86,21,197,1.923,,12.5808,,12.2808,,3.91743,,33.6693,12.05,1496.607
8/12/2019,10:54:16,2:54:16,3:54:16,Doors Up,121,109,,105415,3600.9102N,12157.6393W,152,3.7,14.3,99,1015.11,19.7,333.6,16,187,1.921,,12.5695,,12.2697,,3.91644,,33.6699,12.036,1496.577
8/12/2019,11:31:31,3:31:31,4:31:31,Net on Deck,121,109,,113130,3559.4032N,12156.1389W,134,3.5,17.9,95,1014.86,25.39,327.56,22,187,1.965,,12.5012,,12.1863,,3.90858,,33.6558,11.964,1496.305
8/12/2019,11:31:32,3:31:32,4:31:32,End Marine Mammal Watch,121,109,,113131,3559.4026N,12156.1383W,135,3.3,17.9,95,1014.86,25.15,330.94,22,190,1.967,,12.5012,,12.1863,,3.90858,,33.6558,11.965,1496.309
8/12/2019,11:43:59,3:43:59,4:43:59,Depart Station,121,109,,114358,3558.6832N,12155.6400W,150,5.2,13.9,102,1014.79,24.19,332.67,19,183,2.03,,12.5248,,12.2151,,3.90994,,33.6476,12.003,1496.418
8/12/2019,13:32:16,5:32:16,6:32:16,Start Transect,,,29,133216,3602.7773N,12136.5555W,240,6.5,12.6,105,1015.13,2.04,282.55,8,9,1.963,,12.8851,,12.5721,,3.94505,,33.6613,11.907,1496.101
8/12/2019,14:06:58,6:06:58,7:06:58,UCTD Deployed,,,,140657,3559.8900N,12142.5929W,240,7.4,12.3,106,1015.04,17.95,304.59,22,44,2.32,,12.8091,,12.5213,,3.93533,,33.6364,12.287,1497.378
8/12/2019,15:35:26,7:35:26,8:35:26,UCTD Deployed,,,,153525,3552.7542N,12158.0072W,241,8.3,13.2,106,1015.85,15.11,324.89,18,68,2.31,,13.1174,,12.7966,,3.96117,,33.6077,12.647,1498.584
8/12/2019,17:38:23,9:38:23,10:38:23,End Transect,,,29,173823,3542.6830N,12219.4644W,240,10,16,101,1016.64,22.02,324.77,25,58,1.744,,14.0043,,13.7547,,4.02693,,33.4448,13.537,1501.29
8/12/2019,18:39:51,10:39:51,11:39:51,Start Transect,,,28,183950,3533.9103N,12212.9457W,59,7.4,15.7,93,1017.09,6.62,254.13,2,299,1.821,,15.4414,,15.1126,,4.16871,,33.5003,14.982,1506.041
8/12/2019,18:41:15,10:41:15,11:41:15,Break Transect,,,28,184115,3533.9972N,12212.7483W,60,8.1,15.5,98,1017.29,8.1,239,1,251,1.834,,15.4372,,15.1154,,4.16793,,33.4969,14.967,1506.045
8/12/2019,19:21:38,11:21:38,12:21:38,Start Transect,,,28,192137,3531.2921N,12218.4094W,57,8.1,15.8,99,1017.15,9.13,307.66,12,314,1.782,,15.1553,,14.9406,,4.12591,,33.359,14.71,1505.099
8/12/2019,21:00:06,13:00:06,14:00:06,UCTD Deployed,,,,210005,3539.5714N,12201.0031W,62,7.6,15.2,102,1016.33,6.4,228.83,2,3,1.894,,15.5537,,15.2325,,4.17781,,33.4863,15.074,1506.253
8/12/2019,22:52:00,14:52:00,15:52:00,UCTD Deployed,,,,225159,3548.2160N,12142.5352W,61,7.8,14.5,101,1015.31,6.98,224.38,2,61,2.45,,13.9394,,13.6263,,4.0349,,33.5754,13.217,1500.436
8/12/2019,23:06:49,15:06:49,16:06:49,Break Transect,,,28,230648,3549.3391N,12140.1595W,62,6.7,14.3,101,1014.98,8.79,302.44,8,258,2.32,,13.3292,,13.0432,,3.98164,,33.6136,12.701,1498.799
8/12/2019,23:21:56,15:21:56,16:21:56,Resume Transect,,,28,232155,3549.2990N,12140.1441W,59,8.3,14.4,100,1014.83,8.95,257.59,3,308,2.378,,13.304,,13.0166,,3.97998,,33.6202,12.836,1499.189
8/13/2019,0:26:18,16:26:18,17:26:18,End Transect,,,28,2617,3554.2163N,12129.6655W,62,5.1,14.2,101,1014.37,4.11,262.87,2,284,2.072,,13.0528,,12.6092,,3.9585,,33.6398,11.641,1495.292
8/13/2019,3:30:33,19:30:33,20:30:33,Start Marine Mammal Watch,122,110,,33032,3552.2231N,12200.8751W,269,8.4,14.9,103,1013.54,21.54,323.98,27,40,2.641,,13.8514,,13.5316,,4.02655,,33.5747,13.353,1500.895
8/13/2019,4:02:03,20:02:03,21:02:03,Arrive Station,122,110,,40203,3551.8657N,12205.0752W,162,3.7,14.9,103,1014.6,23.7,329.05,20,169,2.448,,13.7316,,13.4098,,4.0164,,33.5852,13.251,1500.587
8/13/2019,4:02:27,20:02:27,21:02:27,Net In Water,122,110,,40226,3551.8434N,12205.0660W,161,3.7,14.9,103,1014.74,22.68,335.06,19,175,2.411,,13.7276,,13.4225,,4.0162,,33.5868,13.244,1500.573
8/13/2019,4:14:20,20:14:20,21:14:20,Shoot Doors,122,110,,41420,3551.1467N,12204.7721W,158,4.9,14.9,102,1014.76,21.97,332.43,17,181,2.553,,13.7868,,13.4627,,4.02098,,33.5795,13.266,1500.58
8/13/2019,4:17:40,20:17:40,21:17:40,Begin Fishing (EQ),122,110,,41739,3550.8824N,12204.6432W,157,5.3,14.9,102,1014.8,23.24,329.58,18,172,2.351,,13.7385,,13.4335,,4.01236,,33.5415,13.262,1500.591
8/13/2019,5:02:43,21:02:43,22:02:43,Haul Back,122,110,,50243,3548.0323N,12202.8542W,156,4.5,15.2,102,1014.88,25.47,330.4,21,183,2.258,,14.5151,,14.1837,,4.0832,,33.5203,14.088,1503.225
8/13/2019,5:08:04,21:08:04,22:08:04,Doors Up,122,110,,50803,3547.7710N,12202.7139W,153,3.3,15.1,102,1015.04,26.3,335.54,22,184,2.224,,14.6372,,14.3014,,4.09414,,33.5149,14.183,1503.488
8/13/2019,5:31:15,21:31:15,22:31:15,Net on Deck,122,110,,53115,3546.6532N,12202.2059W,172,3.7,15.2,102,1014.73,25.5,334.5,22,156,2.223,,14.6278,,14.3021,,4.09318,,33.5142,14.147,1503.402
8/13/2019,5:31:17,21:31:17,22:31:17,End Marine Mammal Watch,122,110,,53116,3546.6521N,12202.2060W,177,3.8,15.2,102,1014.73,25.37,332.32,22,156,2.22,,14.6284,,14.3022,,4.09318,,33.5137,14.145,1503.382
8/13/2019,5:34:59,21:34:59,22:34:59,Depart Station,122,110,,53458,3546.3866N,12202.1478W,163,5.2,15.2,102,1014.82,23.77,323.1,19,156,2.212,,14.651,,14.3257,,4.09451,,33.5063,14.188,1503.538
8/13/2019,5:39:44,21:39:44,22:39:44,Start Marine Mammal Watch,123,111,,53944,3545.9100N,12201.9840W,163,6.3,15.2,102,1014.91,24.22,335.14,18,171,2.198,,14.7761,,14.4449,,4.10604,,33.5037,14.321,1503.959
8/13/2019,6:12:44,22:12:44,23:12:44,Arrive Station,123,111,,61244,3542.0759N,12200.5125W,161,4.4,15.5,101,1014.9,25.28,327.83,21,164,2.219,,15.1297,,14.7893,,4.1367,,33.4783,14.597,1504.828
8/13/2019,6:13:21,22:13:21,23:13:21,Net In Water,123,111,,61321,3542.0333N,12200.4932W,159,4.3,15.5,101,1014.95,28.49,335.13,24,175,2.221,,15.1001,,14.7747,,4.1342,,33.4811,14.559,1504.804
8/13/2019,6:25:11,22:25:11,23:25:11,Shoot Doors,123,111,,62511,3541.3236N,12200.1813W,162,5,15.5,101,1014.92,27.75,333.38,R,169,2.206,,14.8648,,14.5629,,4.11146,,33.4767,14.371,1504.004
8/13/2019,6:29:10,22:29:10,23:29:10,Begin Fishing (EQ),123,111,,62909,3541.0042N,12200.0332W,157,4.9,15.5,101,1014.9,28.87,331.77,22,167,2.186,,14.8244,,14.5134,,4.1047,,33.4499,14.376,1504.096
8/13/2019,7:14:09,23:14:09,0:14:09,Haul Back,123,111,,71408,3537.9127N,12158.4903W,162,4.5,15.7,99,1014.53,29.38,329.87,25,168,2.185,,15.2482,,14.9211,,4.14888,,33.4868,14.805,1505.476
8/13/2019,7:54:42,23:54:42,0:54:42,Net on Deck,123,111,,75441,3535.6217N,12157.6876W,192,2.9,15.8,99,1014.36,19.83,324.34,18,121,2.157,,15.2823,,14.9648,,4.15267,,33.4918,14.843,1505.597
8/13/2019,7:54:43,23:54:43,0:54:43,End Marine Mammal Watch,123,111,,75442,3535.6206N,12157.6878W,192,3.1,15.8,99,1014.36,19.87,322.79,18,118,2.156,,15.282,,14.9652,,4.15281,,33.4934,14.844,1505.609
8/13/2019,8:03:47,0:03:47,1:03:47,Depart Station,123,111,,80347,3535.2106N,12157.4843W,44,4.7,15.9,97,1014,7.16,255.88,4,138,2.175,,15.3606,,15.0334,,4.16016,,33.4924,14.907,1505.773
8/13/2019,9:44:53,1:44:53,2:44:53,Start Marine Mammal Watch,124,112,,94452,3547.0331N,12145.7613W,43,9.4,14.2,102,1013.52,11.26,293.36,12,301,2.188,,13.8269,,13.5109,,4.01733,,33.5104,13.279,1500.551
8/13/2019,10:17:23,2:17:23,3:17:23,Arrive Station,124,112,,101723,3550.7554N,12141.8356W,156,4.6,13.9,103,1013.68,21.59,332.4,17,167,2.363,,13.1391,,12.8441,,3.96505,,33.6253,12.605,1498.452
8/13/2019,10:17:41,2:17:41,3:17:41,Net In Water,124,112,,101740,3550.7344N,12141.8262W,156,4.6,13.9,103,1013.64,20.56,323.46,16,163,2.367,,13.1397,,12.8428,,3.96582,,33.632,12.612,1498.482
8/13/2019,10:30:20,2:30:20,3:30:20,Shoot Doors,124,112,,103019,3549.8847N,12141.4145W,161,4.9,13.7,104,1013.64,21.83,332.77,17,175,2.378,,13.1638,,12.8552,,3.96969,,33.6472,12.644,1498.597
8/13/2019,10:34:33,2:34:33,3:34:33,Begin Fishing (EQ),124,112,,103433,3549.5483N,12141.2494W,158,5.1,13.7,104,1013.55,24.93,323.59,20,165,2.341,,13.1477,,12.835,,3.96727,,33.6386,12.613,1498.498
8/13/2019,11:19:34,3:19:34,4:19:34,Haul Back,124,112,,111933,3546.6426N,12139.8243W,157,4,13.2,105,1013.75,19,336.53,15,181,2.339,,13.169,,12.8439,,3.9665,,33.6126,12.663,1498.642
8/13/2019,12:03:31,4:03:31,5:03:31,Net on Deck,124,112,,120330,3544.5234N,12139.2695W,171,3.7,13.3,105,1013.76,17.52,334.22,14,163,2.299,,13.3264,,12.9998,,3.97711,,33.5735,12.829,1499.157
8/13/2019,12:03:32,4:03:32,5:03:32,End Marine Mammal Watch,124,112,,120332,3544.5212N,12139.2694W,172,3.7,13.3,105,1013.76,17.58,338.85,14,164,2.302,,13.326,,13,,3.97695,,33.5722,12.83,1499.164
8/13/2019,12:23:01,4:23:01,5:23:01,Depart Station,124,112,,122301,3544.2153N,12137.4308W,72,9.6,13.2,105,1013.81,8.42,269.66,3,303,2.383,,13.3903,,13.0616,,3.97546,,33.5016,12.86,1499.152
8/13/2019,13:50:39,5:50:39,6:50:39,Start Transect,,,27,135038,3546.2832N,12121.4029W,246,6.3,13.2,106,1014.25,2.19,279.46,8,11,2.299,,13.0515,,12.8185,,3.95967,,33.6521,12.202,1497.12
8/13/2019,14:19:47,6:19:47,7:19:47,UCTD Deployed,,,,141947,3544.0164N,12126.4318W,241,8.3,12.1,106,1014.42,9.69,308.29,15,40,2.302,,12.937,,12.6603,,3.93892,,33.5568,12.43,1497.803
8/13/2019,15:46:30,7:46:30,8:46:30,UCTD Deployed,,,,154630,3536.9962N,12141.4293W,241,8.2,13.3,105,1015.12,19.21,322.32,23,55,2.125,,14.1669,,13.8483,,4.04592,,33.4792,13.774,1502.187
8/13/2019,18:16:18,10:16:18,11:16:18,End Transect,,,27,181617,3524.9382N,12207.1549W,239,9.9,17.3,95,1016.77,15.29,323.44,19,54,1.776,,16.9298,,16.5815,,4.29094,,33.328,16.518,1510.662
8/13/2019,19:57:20,11:57:20,12:57:20,Start Transect,,,26,195720,3517.1138N,12158.5357W,65,8.4,17.2,85,1016.5,8.81,226.1,2,104,1.689,,16.9437,,16.7128,,4.2915,,33.3213,16.472,1510.434
8/13/2019,21:19:22,13:19:22,14:19:22,UCTD Deployed,,,,211921,3524.0325N,12143.9498W,63,8,15.7,100,1016.03,7.6,249.73,1,194,1.65,,16.2915,,16.0111,,4.2365,,33.3843,15.858,1508.555
8/13/2019,22:53:35,14:53:35,15:53:35,UCTD Deployed,,,,225334,3532.0313N,12126.8900W,61,7.8,14.6,103,1014.81,7.8,241,0,118,1.689,,15.8607,,15.5689,,4.19416,,33.3721,15.328,1506.913
8/14/2019,0:04:11,16:04:11,17:04:11,End Transect,,,26,410,3537.5815N,12115.1142W,63,5.7,13.9,104,1014.23,15.12,300.66,12,275,2.081,,13.2745,,13.2631,,3.97263,,33.5771,12.125,1496.7
8/14/2019,1:17:07,17:17:07,18:17:07,Start Transect,,,25,11706,3530.4013N,12105.3367W,228,5.1,14.5,102,1014.03,5.81,313.88,8,38,2.284,,13.7444,,13.7677,,4.0095,,33.5096,12.932,1499.656
8/14/2019,1:47:12,17:47:12,18:47:12,UCTD Deployed,,,,14712,3527.9894N,12110.5533W,237,7.3,14.8,101,1013.52,15.68,301.82,21,41,2.1,,15.5633,,15.2939,,4.17573,,33.4595,14.999,1506.102
8/14/2019,2:21:41,18:21:41,19:21:41,Break Transect,,,25,22140,3525.2637N,12116.4257W,240,10,14.3,104,1013.6,15.41,318.32,20,49,2.148,,15.5835,,15.3356,,4.17937,,33.4749,15.131,1506.473
8/14/2019,4:03:57,20:03:57,21:03:57,Start Marine Mammal Watch,125,113,,40356,3536.2855N,12132.2875W,312,10.9,14.8,105,1013.98,13.19,321.68,23,5,2.062,,15.4527,,15.1634,,4.162,,33.4305,14.925,1505.767
8/14/2019,4:43:04,20:43:04,21:43:04,Arrive Station,125,113,,44303,3540.7447N,12138.3934W,317,9.2,14.6,105,1014.66,10.87,326.42,19,3,2.309,,14.0374,,13.7733,,4.03567,,33.4971,13.492,1501.304
8/14/2019,4:47:15,20:47:15,21:47:15,Net In Water,125,113,,44714,3540.7092N,12138.4966W,150,3.2,16.3,106,1014.93,9.01,340.49,7,208,2.227,,13.9805,,13.7055,,4.03095,,33.5028,13.512,1501.352
8/14/2019,5:01:47,21:01:47,22:01:47,Shoot Doors,125,113,,50146,3540.0314N,12137.9996W,151,5,15.5,97,1014.97,10,331.95,5,197,2.267,,14.0875,,13.7889,,4.03432,,33.441,13.535,1501.505
8/14/2019,5:05:10,21:05:10,22:05:10,Begin Fishing (EQ),125,113,,50509,3539.7816N,12137.8162W,149,4.9,14.8,98,1015.04,10.9,326.01,6,184,2.273,,14.1403,,13.8471,,4.0381,,33.4301,13.65,1501.73
8/14/2019,5:35:13,21:35:13,22:35:13,Haul Back,125,113,,53512,3537.8142N,12136.5404W,152,4.3,14.4,103,1015.27,8.37,328.19,4,171,2.207,,14.4359,,14.1198,,4.06644,,33.4351,13.954,1502.713
8/14/2019,5:40:23,21:40:23,22:40:23,Doors Up,125,113,,54023,3537.5498N,12136.3859W,154,3.7,14.4,103,1015.24,7.66,328.23,5,174,2.239,,14.472,,14.1627,,4.06947,,33.4316,14.004,1502.864
8/14/2019,6:04:39,22:04:39,23:04:39,Net on Deck,125,113,,60438,3536.5403N,12135.6707W,152,2.9,14.4,104,1015.24,10.83,321.42,8,174,2.221,,14.8345,,14.5155,,4.10583,,33.4516,14.405,1504.161
8/14/2019,6:04:40,22:04:40,23:04:40,End Marine Mammal Watch,125,113,,60440,3536.5387N,12135.6700W,157,3,14.4,104,1015.24,10.92,325.64,8,175,2.22,,14.8342,,14.5158,,4.10579,,33.4515,14.404,1504.158
8/14/2019,6:10:03,22:10:03,23:10:03,Start Marine Mammal Watch,126,114,,61002,3536.1166N,12135.3527W,147,7.9,14.4,104,1015.17,10.97,325.47,3,168,2.198,,14.9661,,14.6308,,4.11957,,33.4634,14.498,1504.449
8/14/2019,6:11:30,22:11:30,23:11:30,Depart Station,126,114,,61129,3535.9522N,12135.2213W,145,8.3,14.4,104,1015.09,10.26,322.49,2,163,2.197,,14.949,,14.6192,,4.11828,,33.4664,14.456,1504.333
8/14/2019,6:45:11,22:45:11,23:45:11,Arrive Station,126,114,,64511,3532.1428N,12131.5640W,146,5.5,14.8,104,1015.05,13.25,312.76,8,151,1.862,,15.9231,,15.5809,,4.19748,,33.349,15.488,1507.449
8/14/2019,6:45:50,22:45:50,23:45:50,Net In Water,126,114,,64550,3532.0932N,12131.5258W,150,5.3,14.8,104,1015.01,13.05,316.2,8,153,1.868,,15.9225,,15.5802,,4.19716,,33.3466,15.485,1507.442
8/14/2019,6:59:19,22:59:19,23:59:19,Shoot Doors,126,114,,65918,3531.2852N,12130.9442W,148,4.9,14.9,104,1014.95,16.98,323.62,12,165,1.855,,15.8681,,15.544,,4.19162,,33.3433,15.423,1507.238
8/14/2019,7:02:44,23:02:44,0:02:44,Begin Fishing (EQ),126,114,,70243,3531.0192N,12130.7680W,151,5,14.9,104,1014.99,20.05,324.76,15,165,1.853,,15.8569,,15.5357,,4.19128,,33.3496,15.415,1507.223
8/14/2019,7:47:38,23:47:38,0:47:38,Haul Back,126,114,,74738,3528.0927N,12129.0162W,156,4.2,14.6,105,1014.78,18.17,330.07,14,175,1.995,,15.67,,15.368,,4.17631,,33.3742,15.223,1506.631
8/14/2019,8:25:58,0:25:58,1:25:58,Net on Deck,126,114,,82557,3526.1711N,12128.1400W,182,3.2,14.5,105,1014.58,18.45,327.16,16,147,2.057,,15.4992,,15.199,,4.16196,,33.3906,15.052,1506.133
8/14/2019,8:25:59,0:25:59,1:25:59,End Marine Mammal Watch,126,114,,82558,3526.1701N,12128.1399W,182,3.3,14.5,105,1014.58,17.65,328.73,15,146,2.056,,15.5,,15.1989,,4.16192,,33.3896,15.051,1506.119
8/14/2019,8:31:48,0:31:48,1:31:48,Depart Station,126,114,,83147,3525.8790N,12128.0020W,156,3.5,14.4,105,1014.7,16.45,327.72,13,175,2.065,,15.4793,,15.1804,,4.15978,,33.388,15.015,1506.053
8/14/2019,13:28:08,5:28:08,6:28:08,Start Transect,,,23,132808,3512.6881N,12052.9916W,242,5.9,12.1,106,1015.24,6.8,165.61,6,332,2.255,,13.7509,,13.4765,,4.01519,,33.557,12.365,1497.579
8/14/2019,13:40:15,5:40:15,6:40:15,UCTD Deployed,,,,134014,3511.7740N,12055.0073W,240,7.6,11.6,105,1015.13,4.8,87.37,3,340,2.274,,13.4463,,13.2962,,3.98937,,33.583,13.046,1499.769
8/14/2019,15:34:57,7:34:57,8:34:57,UCTD Deployed,,,,153457,3502.3038N,12114.9690W,238,8.4,13.3,105,1015.5,10.72,317.35,13,41,2.083,,15.6203,,15.2944,,4.18111,,33.4593,15.189,1506.639
8/14/2019,17:39:40,9:39:40,10:39:40,UCTD Deployed,,,,173939,3451.8281N,12137.1302W,238,7.9,15.3,106,1016.45,10.48,319.75,14,50,2.128,,15.4202,,15.0903,,4.16537,,33.4884,14.951,1505.948
8/14/2019,21:21:58,13:21:58,14:21:58,UCTD Deployed,,,,212157,3433.2870N,12216.1684W,245,7.9,17.8,96,1016.21,16.45,318.03,19,51,1.694,,17.3669,,17.0377,,4.31796,,33.2009,16.933,1511.699
8/15/2019,2:30:29,18:30:29,19:30:29,End Transect,,,23,23028,3407.5372N,12310.0657W,242,10.1,17.7,96,1015.91,19.59,325.07,23,56,1.57,,18.1333,,17.8265,,4.37689,,33.0791,17.702,1513.781
8/15/2019,6:39:05,22:39:05,23:39:05,Start Marine Mammal Watch,127,115,,63904,3433.9422N,12237.2981W,32,9.7,16.7,101,1016.19,17.09,309.94,21,315,1.694,,17.5547,,17.255,,4.34758,,33.3009,17.1,1512.272
8/15/2019,7:18:24,23:18:24,0:18:24,Arrive Station,127,115,,71823,3438.6149N,12233.3794W,147,4.4,19.7,86,1016.57,15.48,328.12,11,188,1.65,,17.5896,,17.2872,,4.35267,,33.3159,17.169,1512.509
8/15/2019,7:18:40,23:18:40,0:18:40,Net In Water,127,115,,71839,3438.5987N,12233.3659W,147,4.3,19.2,83,1016.58,15.38,329.86,11,190,1.649,,17.5905,,17.2876,,4.35285,,33.3166,17.172,1512.51
8/15/2019,7:33:42,23:33:42,0:33:42,Shoot Doors,127,115,,73341,3437.8591N,12232.7836W,142,4.3,23,75,1016.45,17.07,338.36,13,201,1.633,,17.5848,,17.2855,,4.35254,,33.3187,17.156,1512.464
8/15/2019,7:37:36,23:37:36,0:37:36,Begin Fishing (EQ),127,115,,73735,3437.6081N,12232.5726W,147,4.2,17,92,1016.37,15,329.2,11,188,1.635,,17.5762,,17.2756,,4.35188,,33.3201,17.147,1512.443
8/15/2019,8:22:34,0:22:34,1:22:34,Haul Back,127,115,,82233,3435.3841N,12230.3958W,143,3.9,18.6,84,1016.22,16.78,335.33,14,198,1.617,,17.5551,,17.2577,,4.35039,,33.3247,17.125,1514.033
8/15/2019,8:28:03,0:28:03,1:28:03,Doors Up,127,115,,82802,3435.2123N,12230.2140W,141,3,18,94,1016.13,16.88,335.6,14,197,1.611,,17.5514,,17.2542,,4.34973,,33.3221,17.119,1514.306
8/15/2019,9:04:55,1:04:55,2:04:55,Net on Deck,127,115,,90454,3433.8159N,12228.5730W,165,3.8,16.9,96,1016.1,15.76,333.63,12,170,1.586,,17.5623,,17.2645,,4.34815,,33.2996,17.138,1513.419
8/15/2019,9:04:56,1:04:56,2:04:56,End Marine Mammal Watch,127,115,,90455,3433.8147N,12228.5727W,169,3.9,16.9,96,1016.1,15.78,339.3,12,174,1.585,,17.563,,17.2642,,4.34807,,33.2983,17.138,1513.346
8/15/2019,9:08:20,1:08:20,2:08:20,Depart Station,127,115,,90819,3433.5873N,12228.4879W,165,4.2,16.8,100,1016.21,13.2,343.91,9,181,1.585,,17.5608,,17.2623,,4.34798,,33.2993,17.132,1513.39
8/15/2019,14:06:18,6:06:18,7:06:18,Resume Transect,,,25,140617,3509.3100N,12150.3127W,51,10.1,16.1,100,1014.69,5.46,168.44,4,291,2.025,,15.9772,,15.7062,,4.21771,,33.4828,15.503,1507.617
8/15/2019,15:47:26,7:47:26,8:47:26,UCTD Deployed,,,,154725,3517.8509N,12132.1916W,57,8.4,14.2,104,1014.95,4.51,250.95,4,308,1.996,,16.2086,,15.8958,,4.23238,,33.4176,15.77,1508.383
8/15/2019,17:36:17,9:36:17,10:36:17,End Transect,,,25,173617,3527.1759N,12112.4503W,67,10.5,13.7,105,1015.14,1.8,177.89,10,12,1.968,,15.6575,,15.3765,,4.19148,,33.5203,15.3,1507.017
8/15/2019,19:18:32,11:18:32,12:18:32,Start Transect,,,24,191831,3523.6451N,12054.6146W,244,6.2,13.2,105,1015.11,3.07,214.42,9,347,2.06,,13.4457,,13.3427,,3.98585,,33.5505,12.884,1499.3
8/15/2019,20:52:48,12:52:48,13:52:48,UCTD Deployed,,,,205247,3515.8903N,12111.1206W,240,7.4,14.3,105,1014.57,2.48,325.18,8,12,2.057,,16.0552,,16.0923,,4.2204,,33.4408,15.465,1507.414
8/15/2019,23:08:56,15:08:56,16:08:56,UCTD Deployed,,,,230855,3504.8726N,12134.5076W,242,8.1,16.8,102,1014.02,8.95,321.5,13,40,2.01,,16.324,,16.0565,,4.25165,,33.4903,15.487,1507.53
8/16/2019,0:28:39,16:28:39,17:28:39,End Transect,,,24,2838,3459.3305N,12146.2586W,245,6.6,17.2,99,1013.6,6.38,309.2,11,40,2.056,,16.4185,,16.1793,,4.26626,,33.5394,15.661,1508.371
8/16/2019,3:22:14,19:22:14,20:22:14,Start Marine Mammal Watch,128,116,,32214,3518.3519N,12131.4274W,25,7.4,16.2,101,1012.69,5.78,273.57,8,300,2.121,,16.7696,,16.4794,,4.28813,,33.4368,15.454,1507.346
8/16/2019,3:55:36,19:55:36,20:55:36,Arrive Station,128,116,,35535,3521.8793N,12128.7556W,132,3,16.1,102,1012.94,5.99,308.7,3,169,2.164,,16.063,,4.21846,,33.417,,15.8437,15.517,1507.622
8/16/2019,3:56:40,19:56:40,20:56:40,Net In Water,128,116,,35639,3521.8413N,12128.7123W,135,3.1,16,102,1012.91,6.1,315.84,3,181,2.186,,16.0413,,15.8231,,4.21589,,33.4126,15.492,1507.53
8/16/2019,4:10:15,20:10:15,21:10:15,Shoot Doors,128,116,,41014,3521.3407N,12128.2097W,138,4.5,16,102,1013.02,5.34,324.38,1,212,2.175,,16.0693,,15.7978,,4.21892,,33.4159,15.422,1507.31
8/16/2019,4:13:56,20:13:56,21:13:56,Begin Fishing (EQ),128,116,,41355,3521.1044N,12127.9948W,145,4.8,15.9,102,1013.12,5.67,321.47,1,161,2.14,,16.5609,,16.2154,,4.26413,,33.4013,15.691,1508.065
8/16/2019,4:59:05,20:59:05,21:59:05,Haul Back,128,116,,45904,3519.0033N,12125.4923W,140,3.8,15.9,101,1013.37,4.59,345.4,2,269,2.13,,16.6898,,16.3986,,4.27434,,33.383,15.732,1508.284
8/16/2019,5:04:02,21:04:02,22:04:02,Doors Up,128,116,,50401,3518.8424N,12125.2955W,139,3,15.8,101,1013.2,3.27,355.86,1,289,2.131,,16.6512,,16.3613,,4.27106,,33.3866,15.918,1508.757
8/16/2019,5:29:32,21:29:32,22:29:32,Net on Deck,128,116,,52931,3518.2294N,12124.4980W,118,3.1,15.8,101,1013.21,3.1,322.76,2,271,2.128,,16.7791,,16.4645,,4.28308,,33.3849,16.053,1509.068
8/16/2019,5:29:33,21:29:33,22:29:33,End Marine Mammal Watch,128,116,,52932,3518.2290N,12124.4970W,116,3.2,15.8,101,1013.21,3.59,331.78,2,265,2.128,,16.7795,,16.464,,4.28314,,33.3851,16.02,1508.918
8/16/2019,5:29:40,21:29:40,22:29:40,Depart Station,128,116,,52939,3518.2245N,12124.4914W,132,3.2,15.8,101,1013.14,3.51,333.34,1,284,2.129,,16.78,,16.4616,,4.28301,,33.3835,16.011,1509.077
8/16/2019,5:39:28,21:39:28,22:39:28,Start Marine Mammal Watch,129,117,,53928,3517.6408N,12123.2936W,119,8.6,15.4,102,1012.96,4.75,308.59,4,353,2.15,,16.6338,,16.3524,,4.26969,,33.3892,15.963,1508.989
8/16/2019,6:14:33,22:14:33,23:14:33,Arrive Station,129,117,,61433,3515.3459N,12118.0772W,139,4.3,15.1,103,1012.92,4.53,345.03,1,260,2.162,,16.2515,,15.9864,,4.2427,,33.4725,15.544,1507.716
8/16/2019,6:15:21,22:15:21,23:15:21,Net In Water,129,117,,61521,3515.3050N,12118.0392W,147,3.4,15,103,1013.03,3.4,327,0,258,2.161,,16.2545,,15.9799,,4.24327,,33.475,15.594,1507.909
8/16/2019,6:37:22,22:37:22,23:37:22,Shoot Doors,129,117,,63721,3514.3826N,12117.0326W,138,4.5,14.9,104,1012.81,4.5,316,0,121,2.137,,16.3969,,16.1278,,4.25591,,33.4666,15.287,1507.029
8/16/2019,6:41:05,22:41:05,23:41:05,Begin Fishing (EQ),129,117,,64104,3514.1454N,12116.7621W,139,5.1,14.9,104,1012.93,5.2,318,0,26,2.138,,16.3974,,16.0982,,4.25476,,33.4561,15.188,1506.636
8/16/2019,7:25:57,23:25:57,0:25:57,Haul Back,129,117,,72556,3511.8655N,12114.0872W,133,4,14.6,105,1012.82,2.4,291.63,2,23,2.113,,16.5482,,16.1828,,4.26729,,33.4396,15.647,1508.102
8/16/2019,8:05:20,0:05:20,1:05:20,Net on Deck,129,117,,80519,3510.6317N,12112.1814W,122,3.4,15.1,105,1012.85,2.68,286.88,1,57,2.052,,16.6575,,16.327,,4.27609,,33.4252,15.86,1508.632
8/16/2019,8:05:21,0:05:21,1:05:21,End Marine Mammal Watch,129,117,,80520,3510.6314N,12112.1805W,121,3.3,15.1,105,1012.85,3.3,301,0,50,2.053,,16.6584,,16.3273,,4.27621,,33.4255,15.853,1508.633
8/16/2019,8:09:46,0:09:46,1:09:46,Depart Station,129,117,,80946,3510.5159N,12111.9102W,121,3.2,14.7,105,1012.66,3.98,348.94,4,263,2.046,,16.6555,,16.324,,4.27548,,33.4216,15.791,1508.436
8/16/2019,8:32:37,0:32:37,1:32:37,Start Marine Mammal Watch,130,118,,83236,3510.3222N,12108.2037W,97,8.4,14.3,105,1012.58,6.77,296.21,3,319,2.025,,16.304,,16.0205,,4.24075,,33.4112,15.79,1508.435
8/16/2019,9:04:58,1:04:58,2:04:58,Arrive Station,130,118,,90458,3510.0793N,12102.9244W,149,5.3,14.2,105,1012.59,3.62,314.74,2,33,2.047,,16.2151,,15.8654,,4.23217,,33.4102,15.552,1507.725
8/16/2019,9:05:37,1:05:37,2:05:37,Net In Water,130,118,,90536,3510.0306N,12102.8864W,150,5.6,14.2,105,1012.56,3.82,318.73,2,27,2.065,,16.169,,15.8492,,4.22853,,33.4169,15.573,1507.793
8/16/2019,9:18:12,1:18:12,2:18:12,Shoot Doors,130,118,,91811,3509.2885N,12102.3348W,147,4.8,14.2,105,1012.5,6.48,315.8,2,144,2.081,,16.0139,,15.751,,4.22184,,33.4884,15.283,1506.942
8/16/2019,9:21:57,1:21:57,2:21:57,Begin Fishing (EQ),130,118,,92156,3509.0129N,12102.1104W,146,5.2,14.2,105,1012.44,5.2,326,0,206,2.055,,16.1345,,15.8402,,4.23336,,33.4886,15.632,1508.048
8/16/2019,10:06:51,2:06:51,3:06:51,Haul Back,130,118,,100650,3506.3594N,12059.9102W,145,3.9,14.1,106,1012.44,4.77,349.13,2,261,2.241,,14.4731,,14.2607,,4.07979,,33.5254,13.804,1502.352
8/16/2019,10:49:10,2:49:10,3:49:10,Net on Deck,130,118,,104910,3504.8469N,12057.9897W,162,4.6,13.7,106,1012.11,3.74,335,1,33,2.364,,14.8836,,14.5676,,4.11908,,33.5298,14.178,1503.511
8/16/2019,10:49:11,2:49:11,3:49:11,End Marine Mammal Watch,130,118,,104910,3504.8469N,12057.9897W,164,4.7,13.7,106,1012.11,3.74,335,1,36,2.362,,14.8842,,14.5678,,4.11908,,33.5292,14.176,1503.533
8/16/2019,10:55:55,2:55:55,3:55:55,Depart Station,130,118,,105555,3504.1047N,12057.8587W,177,8.5,13.7,106,1012.11,4.71,7.48,4,355,2.445,,14.7905,,14.5175,,4.10986,,33.5261,14.307,1503.915
8/17/2019,11:40:14,3:40:14,4:40:14,CB Flush,,,,114014,3237.9595N,11715.6471W,134,2.9,17.4,89,1012.88,1.27,99.22,4,351,1.745,,17.8526,,17.5067,,4.39638,,33.4732,17.08,1512.406
8/17/2019,13:49:52,5:49:52,6:49:52,Notes,,,Moored at San Diego,134951,3241.7078N,11709.2479W,83,0.9,17.4,90,1013.45,4.67,224.54,3,296,,,20.4362,,24.5939,,4.57841,,32.9159,22.815,1528.881
